,EmployeeID,Age,Attrition,Department,DistanceFromHome,Gender,HourlyRate,JobSatisfaction,MaritalStatus,TotalWorkingYears
0,1313919,41,No,Cardiology,1,Female,94,4,Single,8
1,1200302,49,No,Maternity,8,Male,61,2,Married,10
2,1060315,37,Yes,Maternity,2,Male,92,3,Single,7
3,1272912,33,No,Maternity,3,Female,56,3,Married,8
4,1414939,27,No,Maternity,2,Male,40,2,Married,6
5,1633361,32,No,Maternity,2,Male,79,4,Single,8
6,1329390,59,No,Maternity,3,Female,81,1,Married,12
7,1699288,30,No,Maternity,24,Male,67,3,Divorced,1
8,1469740,38,No,Maternity,23,Male,44,3,Single,10
9,1101291,36,No,Maternity,27,Male,94,3,Married,17
10,1430504,35,No,Maternity,16,Male,84,2,Married,6
11,1196281,29,No,Maternity,15,Female,49,3,Single,10
12,1207951,31,No,Maternity,26,Male,31,3,Divorced,5
13,1080660,34,No,Maternity,19,Male,93,4,Divorced,3
14,1420391,28,Yes,Maternity,24,Male,50,3,Single,6
15,1337254,29,No,Maternity,21,Female,51,1,Divorced,10
16,1421335,32,No,Maternity,5,Male,80,2,Divorced,7
17,1262683,22,No,Maternity,16,Male,96,4,Divorced,1
18,1599218,53,No,Cardiology,2,Female,78,4,Married,31
19,1634788,38,No,Maternity,2,Male,45,4,Single,6
20,1334559,24,No,Maternity,11,Female,96,3,Divorced,5
21,1402945,36,No,Cardiology,9,Male,82,1,Single,10
22,1705718,34,No,Neurology,7,Female,53,2,Single,13
23,1880078,21,No,Maternity,15,Male,96,4,Single,0
24,1801346,34,No,Maternity,6,Male,83,1,Single,8
25,1142160,53,No,Neurology,5,Female,58,3,Divorced,26
26,1142062,32,Yes,Maternity,16,Female,72,1,Single,10
27,1789756,42,No,Cardiology,8,Male,48,2,Married,10
28,1126009,44,No,Maternity,7,Female,42,4,Married,24
29,1552176,46,No,Cardiology,2,Female,83,1,Single,22
30,1118605,33,No,Maternity,2,Male,78,4,Single,7
31,1397325,44,No,Maternity,10,Male,41,4,Married,9
32,1874834,30,No,Maternity,9,Male,83,3,Single,10
33,1275746,39,No,Cardiology,5,Male,56,4,Married,19
34,1884939,24,Yes,Maternity,1,Male,61,4,Married,6
35,1650304,43,No,Maternity,2,Female,72,3,Divorced,6
36,1058169,50,Yes,Cardiology,3,Male,86,3,Married,3
37,1319183,35,No,Cardiology,2,Female,97,4,Married,2
38,1872551,36,No,Maternity,5,Female,82,1,Married,6
39,1060693,33,No,Cardiology,1,Female,42,1,Married,10
40,1110390,35,No,Maternity,4,Male,75,4,Divorced,1
41,1448895,27,No,Maternity,2,Female,33,1,Divorced,1
42,1547220,26,Yes,Maternity,25,Male,48,3,Single,1
43,1680993,27,No,Cardiology,8,Male,37,3,Single,9
44,1100187,30,No,Maternity,1,Female,58,4,Single,12
45,1881631,41,No,Neurology,12,Female,49,3,Married,23
46,1622068,34,No,Cardiology,23,Male,72,3,Single,10
47,1336903,37,No,Maternity,19,Male,73,2,Married,8
48,1126243,46,No,Cardiology,5,Male,98,4,Single,14
49,1053707,35,No,Maternity,8,Male,36,4,Married,1
50,1708688,48,Yes,Maternity,1,Male,98,3,Single,23
51,1208582,28,Yes,Maternity,5,Male,50,3,Single,2
52,1127416,44,No,Cardiology,1,Female,75,1,Divorced,9
53,1710090,35,No,Maternity,11,Male,79,1,Married,10
54,1146606,26,Yes,Cardiology,23,Female,47,4,Married,5
55,1674685,33,No,Neurology,1,Female,98,4,Single,15
56,1477077,35,No,Cardiology,18,Male,71,1,Married,9
57,1269275,35,No,Maternity,23,Female,30,1,Married,4
58,1620694,31,No,Maternity,7,Male,48,4,Divorced,10
59,1618486,37,No,Neurology,1,Male,51,3,Divorced,7
60,1208054,32,No,Neurology,1,Male,33,4,Married,9
61,1545352,38,No,Maternity,29,Female,50,4,Single,10
62,1665908,50,No,Neurology,7,Female,43,3,Divorced,29
63,1312106,59,No,Cardiology,25,Female,99,1,Single,28
64,1391215,36,No,Maternity,8,Female,59,3,Divorced,17
65,1677994,55,No,Neurology,8,Female,33,3,Divorced,21
66,1216003,36,No,Maternity,11,Male,95,2,Single,6
67,1503437,45,No,Maternity,7,Male,59,1,Divorced,25
68,1381585,35,No,Maternity,1,Male,79,1,Married,5
69,1312369,36,Yes,Maternity,9,Male,79,3,Married,2
70,1576355,59,No,Cardiology,1,Female,57,3,Single,20
71,1659485,29,No,Maternity,2,Male,76,2,Married,6
72,1530200,31,No,Maternity,1,Male,87,2,Single,1
73,1773482,32,No,Maternity,1,Male,66,2,Married,10
74,1188108,36,No,Maternity,6,Female,55,4,Married,5
75,1471418,31,No,Cardiology,8,Female,61,4,Single,11
76,1081842,35,No,Cardiology,1,Male,32,1,Single,16
77,1146021,45,No,Neurology,6,Male,52,1,Married,17
78,1880248,37,No,Neurology,7,Male,30,3,Single,16
79,1267807,46,No,Neurology,5,Male,80,2,Divorced,16
80,1247348,30,No,Maternity,1,Male,55,4,Married,10
81,1886039,35,No,Maternity,1,Male,30,3,Single,6
82,1134060,55,No,Cardiology,1,Male,70,4,Married,24
83,1403326,38,No,Maternity,6,Female,79,4,Divorced,17
84,1689558,34,No,Neurology,1,Male,94,2,Married,5
85,1122798,56,No,Neurology,7,Male,49,4,Single,37
86,1477348,23,No,Cardiology,2,Male,62,1,Divorced,3
87,1061371,51,No,Maternity,9,Male,96,4,Married,10
88,1535342,30,No,Maternity,2,Male,99,4,Married,11
89,1386780,46,No,Cardiology,9,Male,64,4,Single,9
90,1254775,40,No,Maternity,1,Male,78,2,Married,22
91,1818921,51,No,Cardiology,21,Male,71,4,Single,11
92,1848882,30,No,Cardiology,4,Female,63,2,Divorced,11
93,1537412,46,No,Maternity,1,Male,40,1,Married,21
94,1231380,32,No,Cardiology,6,Male,87,3,Single,12
95,1293078,54,No,Neurology,2,Female,60,3,Married,16
96,1026798,24,No,Cardiology,3,Female,33,3,Married,4
97,1500402,28,No,Cardiology,4,Male,43,3,Married,5
98,1514098,58,No,Cardiology,10,Male,37,3,Single,38
99,1487216,44,No,Maternity,23,Male,67,2,Married,17
100,1843825,37,Yes,Neurology,6,Male,63,1,Divorced,7
101,1635251,32,No,Maternity,1,Male,71,1,Single,1
102,1088304,20,Yes,Maternity,6,Female,66,4,Single,1
103,1792856,34,No,Maternity,6,Female,41,3,Single,16
104,1787161,37,No,Maternity,2,Male,100,4,Divorced,17
105,1627796,59,No,Neurology,2,Female,32,4,Married,30
106,1077558,50,No,Neurology,1,Female,73,2,Married,28
107,1410589,25,Yes,Cardiology,5,Male,46,3,Single,6
108,1657986,25,No,Maternity,7,Male,64,4,Married,2
109,1353326,22,No,Maternity,15,Female,59,4,Single,1
110,1523794,51,No,Maternity,1,Female,30,1,Single,23
111,1851151,34,Yes,Maternity,7,Male,66,3,Single,9
112,1645988,54,No,Neurology,26,Female,30,4,Single,23
113,1849283,24,No,Maternity,18,Male,52,3,Married,6
114,1073480,34,No,Maternity,6,Female,45,2,Divorced,12
115,1157113,37,No,Cardiology,3,Male,87,4,Single,12
116,1130224,34,No,Neurology,5,Female,45,1,Single,14
117,1427732,36,No,Cardiology,11,Female,92,4,Married,10
118,1852975,36,No,Maternity,3,Female,39,4,Divorced,7
119,1845017,43,No,Cardiology,26,Male,92,4,Married,25
120,1212660,30,No,Maternity,23,Male,96,3,Divorced,10
121,1264790,33,No,Cardiology,22,Male,95,2,Married,8
122,1515486,56,Yes,Maternity,14,Female,72,2,Married,7
123,1832980,51,No,Neurology,6,Male,51,3,Single,23
124,1031688,31,Yes,Cardiology,6,Male,76,3,Married,12
125,1433172,26,No,Maternity,6,Female,46,2,Married,5
126,1607390,58,No,Maternity,23,Female,94,4,Married,40
127,1842764,19,Yes,Cardiology,22,Male,50,3,Single,0
128,1176986,22,No,Maternity,2,Male,100,4,Married,3
129,1835832,49,No,Maternity,20,Female,96,1,Married,16
130,1450885,43,No,Maternity,28,Female,72,3,Single,18
131,1810635,50,No,Cardiology,12,Female,77,4,Single,16
132,1810242,31,Yes,Cardiology,20,Female,71,3,Married,4
133,1148129,41,No,Cardiology,9,Male,96,3,Divorced,12
134,1085450,26,No,Neurology,25,Female,61,3,Married,8
135,1699939,36,No,Neurology,6,Male,84,2,Divorced,7
136,1612623,51,Yes,Cardiology,8,Male,53,4,Single,18
137,1069811,39,No,Cardiology,4,Female,47,3,Married,17
138,1717795,25,No,Cardiology,28,Male,41,3,Married,6
139,1341925,30,No,Neurology,9,Male,48,4,Married,12
140,1113668,32,Yes,Maternity,9,Female,41,1,Single,10
141,1164932,45,No,Maternity,29,Male,83,4,Single,9
142,1328110,38,No,Maternity,3,Female,32,3,Single,19
143,1744823,30,No,Maternity,18,Female,75,3,Single,5
144,1431031,32,No,Cardiology,9,Male,35,4,Divorced,9
145,1587864,30,No,Maternity,5,Female,84,1,Divorced,8
146,1577226,30,No,Maternity,2,Male,35,4,Single,6
147,1162762,41,No,Neurology,10,Male,91,1,Divorced,21
148,1035340,41,No,Maternity,9,Male,94,1,Married,7
149,1529493,19,No,Maternity,3,Female,79,2,Single,1
150,1789511,40,No,Maternity,26,Female,54,2,Divorced,20
151,1047751,35,No,Cardiology,1,Male,94,2,Married,10
152,1057195,53,No,Cardiology,6,Male,34,3,Married,13
153,1682385,45,No,Maternity,9,Male,60,2,Divorced,20
154,1314990,32,No,Cardiology,8,Female,43,4,Single,9
155,1157784,29,No,Neurology,1,Male,41,3,Married,10
156,1819484,51,No,Neurology,7,Male,34,3,Married,10
157,1172011,58,No,Maternity,9,Female,75,2,Married,9
158,1562685,40,No,Cardiology,4,Male,67,4,Married,15
159,1404919,34,No,Cardiology,2,Female,75,3,Married,6
160,1751538,22,No,Maternity,19,Male,80,4,Married,2
161,1883822,27,No,Maternity,9,Male,57,2,Divorced,6
162,1460812,28,No,Maternity,21,Male,42,4,Married,5
163,1303708,57,No,Maternity,24,Male,83,4,Divorced,12
164,1224013,27,Yes,Maternity,3,Male,79,3,Divorced,1
165,1495862,50,No,Neurology,11,Female,53,2,Single,21
166,1379450,41,No,Maternity,14,Male,56,3,Divorced,13
167,1138977,30,No,Cardiology,5,Female,41,4,Married,12
168,1726077,38,No,Cardiology,1,Female,59,4,Single,12
169,1101855,32,No,Maternity,6,Male,43,3,Single,8
170,1715001,27,No,Maternity,17,Male,51,2,Married,6
171,1820041,19,Yes,Cardiology,1,Female,100,1,Single,1
172,1540435,36,No,Maternity,3,Male,30,2,Single,13
173,1340085,30,No,Maternity,9,Male,66,1,Divorced,12
174,1319352,45,No,Cardiology,4,Female,30,1,Divorced,9
175,1722423,56,No,Maternity,8,Female,67,1,Divorced,19
176,1853558,33,No,Maternity,2,Male,90,4,Single,4
177,1517594,19,Yes,Maternity,2,Male,47,4,Single,1
178,1700841,46,No,Cardiology,1,Female,92,1,Divorced,24
179,1665761,38,No,Maternity,9,Female,75,4,Single,2
180,1224843,31,No,Maternity,12,Female,95,4,Married,7
181,1739412,34,No,Maternity,27,Female,95,2,Single,9
182,1190255,41,Yes,Cardiology,20,Female,70,2,Single,4
183,1820323,50,No,Maternity,1,Male,86,3,Married,5
184,1477195,53,No,Maternity,13,Female,57,1,Divorced,5
185,1383313,33,No,Maternity,14,Female,72,2,Married,8
186,1385477,40,No,Neurology,4,Female,46,3,Married,21
187,1060337,55,No,Neurology,14,Male,61,2,Single,36
188,1180048,34,No,Neurology,2,Male,45,3,Married,10
189,1730525,51,No,Maternity,3,Female,98,2,Single,21
190,1173311,52,No,Neurology,1,Male,65,3,Married,34
191,1155351,27,No,Maternity,9,Female,99,2,Single,7
192,1409777,35,Yes,Maternity,23,Male,50,3,Married,8
193,1175384,43,No,Maternity,7,Male,37,4,Divorced,7
194,1447981,45,No,Neurology,2,Male,65,4,Married,22
195,1643490,37,No,Maternity,21,Male,65,1,Married,8
196,1132287,35,No,Maternity,2,Female,37,2,Single,10
197,1238447,42,No,Maternity,21,Female,36,3,Divorced,11
198,1314186,38,No,Neurology,2,Male,88,3,Married,14
199,1416095,38,No,Maternity,29,Male,54,4,Married,9
200,1572943,27,No,Neurology,1,Male,60,1,Married,6
201,1285655,49,No,Maternity,18,Male,92,4,Divorced,7
202,1620253,34,No,Maternity,10,Male,43,3,Divorced,5
203,1224749,40,No,Maternity,19,Male,99,4,Married,15
204,1056367,38,Yes,Maternity,29,Male,70,1,Married,17
205,1446715,29,No,Cardiology,27,Female,35,4,Married,10
206,1872375,22,No,Maternity,5,Male,60,2,Divorced,4
207,1251693,36,No,Maternity,18,Female,73,4,Single,8
208,1474327,40,No,Maternity,9,Male,63,4,Married,5
209,1721417,46,No,Maternity,1,Male,97,1,Divorced,17
210,1723897,32,No,Cardiology,4,Male,32,4,Married,14
211,1847119,30,No,Neurology,1,Male,88,3,Single,12
212,1213142,27,No,Cardiology,20,Female,90,3,Single,7
213,1155192,51,No,Neurology,8,Male,81,2,Married,16
214,1806025,30,Yes,Maternity,3,Female,88,1,Single,8
215,1296063,41,No,Cardiology,6,Female,75,4,Single,16
216,1502689,30,Yes,Cardiology,26,Female,52,1,Single,9
217,1849547,29,No,Maternity,1,Male,85,3,Single,7
218,1715116,45,No,Cardiology,6,Female,57,4,Single,23
219,1088447,54,No,Cardiology,3,Female,52,1,Married,16
220,1408349,36,No,Maternity,5,Male,62,2,Single,16
221,1291194,33,No,Maternity,4,Female,47,2,Married,7
222,1699240,37,No,Neurology,11,Male,47,4,Divorced,10
223,1059303,38,No,Cardiology,3,Male,76,3,Divorced,17
224,1530760,31,No,Neurology,1,Male,90,3,Married,6
225,1187985,59,No,Maternity,3,Male,70,4,Married,7
226,1721312,37,No,Cardiology,4,Male,41,4,Divorced,13
227,1129392,29,No,Cardiology,1,Female,42,4,Married,11
228,1278690,35,No,Cardiology,1,Female,92,3,Single,10
229,1118323,29,Yes,Maternity,18,Male,86,4,Single,4
230,1709918,52,No,Maternity,2,Female,89,4,Single,6
231,1470356,42,No,Neurology,4,Male,58,4,Married,22
232,1128374,59,No,Neurology,6,Male,52,3,Married,7
233,1508741,50,No,Cardiology,1,Female,68,4,Divorced,32
234,1598911,33,Yes,Maternity,14,Male,58,4,Married,8
235,1177110,43,No,Cardiology,16,Female,80,4,Married,22
236,1484656,33,Yes,Maternity,2,Female,39,1,Married,13
237,1693414,52,No,Cardiology,2,Male,79,3,Single,33
238,1806233,32,No,Cardiology,4,Female,56,2,Married,6
239,1127107,32,Yes,Maternity,1,Male,62,3,Single,4
240,1548210,39,No,Maternity,1,Female,96,3,Divorced,7
241,1857248,32,No,Cardiology,26,Male,100,4,Married,4
242,1491722,41,No,Maternity,19,Male,36,1,Divorced,17
243,1548175,40,No,Maternity,24,Male,62,4,Divorced,9
244,1197716,45,No,Neurology,1,Male,70,4,Married,25
245,1275604,31,No,Neurology,3,Male,73,3,Divorced,9
246,1632856,33,No,Maternity,5,Female,63,4,Married,2
247,1874724,34,No,Neurology,2,Male,84,1,Married,13
248,1133458,37,No,Maternity,1,Female,83,1,Married,17
249,1213490,45,No,Neurology,7,Male,77,3,Married,9
250,1440072,37,No,Maternity,10,Male,61,3,Divorced,17
251,1492815,39,No,Maternity,2,Female,64,3,Single,20
252,1322829,29,No,Maternity,15,Male,60,4,Single,6
253,1453272,42,No,Maternity,17,Female,82,1,Single,10
254,1234458,29,No,Cardiology,20,Male,45,4,Divorced,10
255,1336242,25,No,Neurology,1,Female,62,3,Married,5
256,1068917,42,No,Maternity,2,Female,56,1,Divorced,10
257,1804073,40,No,Neurology,2,Male,49,3,Divorced,22
258,1435995,51,No,Maternity,1,Male,96,4,Married,1
259,1577501,31,No,Maternity,29,Male,71,2,Single,6
260,1075035,32,No,Maternity,7,Male,100,2,Married,5
261,1520532,38,No,Cardiology,2,Male,39,4,Married,13
262,1593179,32,No,Maternity,2,Male,84,1,Single,9
263,1244300,46,No,Cardiology,2,Female,75,2,Married,28
264,1622255,28,Yes,Maternity,2,Male,79,3,Single,5
265,1662066,29,No,Cardiology,2,Male,78,2,Married,10
266,1247928,31,No,Maternity,23,Male,64,4,Married,10
267,1087213,25,No,Maternity,5,Male,85,1,Divorced,6
268,1269016,45,No,Maternity,20,Male,79,4,Married,21
269,1416436,36,No,Maternity,6,Male,47,4,Married,16
270,1124764,55,No,Neurology,1,Male,81,1,Single,37
271,1524494,47,Yes,Neurology,29,Male,88,2,Married,10
272,1376531,28,No,Maternity,9,Male,94,4,Married,5
273,1487080,37,No,Cardiology,6,Male,98,4,Married,7
274,1836214,21,No,Maternity,3,Male,100,3,Single,3
275,1397780,37,No,Neurology,1,Female,80,4,Divorced,15
276,1281199,35,No,Neurology,22,Female,71,2,Divorced,10
277,1566712,38,No,Cardiology,7,Female,44,1,Divorced,8
278,1256655,26,No,Neurology,1,Female,84,2,Divorced,6
279,1187620,50,No,Neurology,4,Male,96,2,Divorced,28
280,1032001,53,No,Neurology,3,Male,45,3,Married,21
281,1220520,42,No,Cardiology,1,Male,99,3,Married,20
282,1524207,29,No,Cardiology,2,Male,44,4,Single,10
283,1552398,55,No,Maternity,20,Male,37,4,Married,12
284,1753629,26,No,Maternity,11,Male,60,1,Married,5
285,1649314,37,No,Maternity,1,Female,42,4,Single,17
286,1353021,44,Yes,Maternity,24,Male,43,3,Divorced,19
287,1704408,38,No,Maternity,23,Male,82,4,Divorced,10
288,1031524,26,Yes,Maternity,16,Male,45,2,Divorced,5
289,1124932,28,No,Maternity,8,Female,66,4,Single,5
290,1865139,49,No,Neurology,10,Female,35,1,Single,22
291,1158764,36,No,Maternity,3,Male,30,2,Single,10
292,1794901,31,No,Cardiology,5,Female,84,2,Divorced,2
293,1707521,26,Yes,Cardiology,4,Male,48,4,Single,8
294,1628660,37,No,Maternity,9,Male,53,4,Married,4
295,1099592,42,No,Cardiology,26,Female,77,2,Married,23
296,1837825,18,No,Maternity,3,Male,54,3,Single,0
297,1284393,35,No,Cardiology,16,Male,96,2,Married,12
298,1720804,36,No,Maternity,18,Male,81,4,Married,4
299,1749725,51,No,Neurology,2,Male,84,2,Divorced,13
300,1460737,41,No,Cardiology,2,Male,88,2,Single,22
301,1464566,18,Yes,Cardiology,10,Female,69,3,Single,0
302,1608953,28,No,Maternity,16,Male,68,1,Single,9
303,1162080,31,No,Cardiology,7,Male,100,4,Married,10
304,1317347,39,No,Maternity,1,Male,48,4,Divorced,19
305,1712914,36,No,Maternity,24,Female,47,2,Married,11
306,1672940,32,No,Cardiology,7,Male,91,3,Married,13
307,1535275,38,No,Maternity,25,Female,81,2,Married,19
308,1505031,58,No,Maternity,1,Male,32,3,Divorced,12
309,1546688,31,No,Maternity,5,Male,86,4,Married,6
310,1578970,31,No,Neurology,2,Male,62,1,Married,9
311,1304896,45,No,Maternity,7,Male,97,1,Divorced,24
312,1685562,31,No,Maternity,2,Male,32,4,Divorced,3
313,1172739,33,No,Neurology,5,Female,74,2,Married,12
314,1536502,39,No,Neurology,10,Male,99,1,Married,21
315,1837585,43,No,Maternity,10,Female,33,4,Single,9
316,1230043,49,No,Maternity,1,Female,90,3,Single,25
317,1202360,52,No,Maternity,8,Male,85,2,Married,11
318,1680149,27,No,Maternity,5,Female,85,2,Single,4
319,1696143,32,No,Cardiology,8,Female,65,2,Married,13
320,1773686,27,No,Cardiology,2,Male,74,3,Single,5
321,1625490,31,No,Cardiology,7,Male,73,4,Divorced,13
322,1038656,32,No,Maternity,2,Female,74,4,Single,10
323,1323864,28,Yes,Maternity,2,Male,84,4,Married,5
324,1222187,30,No,Maternity,28,Female,64,4,Married,11
325,1452875,31,No,Neurology,7,Female,48,3,Married,10
326,1375684,39,No,Neurology,7,Male,54,4,Married,21
327,1864653,39,Yes,Cardiology,3,Female,41,3,Married,12
328,1810061,33,No,Cardiology,10,Male,46,4,Single,9
329,1857574,47,No,Maternity,5,Male,42,3,Married,21
330,1342581,43,No,Maternity,10,Female,82,3,Divorced,9
331,1863408,27,No,Cardiology,1,Male,73,2,Married,6
332,1028630,54,No,Maternity,20,Female,31,3,Single,20
333,1416430,43,No,Maternity,7,Female,43,1,Married,10
334,1139398,45,No,Maternity,8,Male,75,4,Married,12
335,1267133,40,No,Cardiology,1,Male,57,4,Married,6
336,1701544,29,Yes,Maternity,8,Male,77,1,Married,7
337,1574346,29,No,Maternity,9,Male,30,4,Single,4
338,1446564,30,No,Cardiology,5,Female,30,3,Divorced,10
339,1646930,27,No,Cardiology,8,Female,56,2,Married,8
340,1514947,37,No,Neurology,5,Male,61,4,Divorced,8
341,1650545,38,No,Maternity,15,Male,92,4,Divorced,12
342,1549614,31,No,Neurology,7,Female,39,4,Single,11
343,1259109,29,No,Cardiology,10,Female,39,2,Divorced,7
344,1138615,35,No,Neurology,5,Male,62,2,Single,17
345,1366078,23,No,Maternity,26,Male,83,4,Divorced,4
346,1477474,41,No,Neurology,6,Male,95,2,Single,8
347,1406287,47,No,Cardiology,4,Male,99,3,Single,5
348,1544429,42,No,Maternity,23,Female,44,4,Single,16
349,1171206,29,No,Cardiology,2,Male,61,3,Married,4
350,1634652,42,No,Neurology,2,Male,52,3,Divorced,4
351,1280175,32,No,Maternity,2,Female,75,2,Married,8
352,1464473,48,No,Cardiology,29,Female,91,3,Married,15
353,1400436,37,No,Maternity,6,Male,51,1,Divorced,13
354,1465814,30,Yes,Cardiology,25,Female,85,3,Married,4
355,1622008,26,No,Cardiology,1,Male,57,3,Married,8
356,1679401,42,No,Maternity,2,Male,98,4,Single,14
357,1612768,21,Yes,Cardiology,1,Female,99,2,Single,3
358,1680323,36,No,Cardiology,1,Female,45,4,Single,7
359,1340908,36,No,Cardiology,3,Male,48,4,Married,16
360,1407209,57,No,Maternity,1,Male,88,3,Married,15
361,1196631,40,No,Maternity,10,Female,46,3,Married,10
362,1558158,21,No,Cardiology,9,Male,39,4,Single,3
363,1542984,33,Yes,Cardiology,5,Female,34,3,Single,1
364,1665531,37,No,Maternity,10,Female,98,1,Married,17
365,1815564,46,No,Neurology,7,Female,30,3,Married,7
366,1866571,41,No,Cardiology,4,Male,56,2,Single,8
367,1589819,50,No,Maternity,10,Male,100,4,Single,20
368,1645744,40,No,Cardiology,22,Male,68,3,Married,8
369,1235953,31,Yes,Maternity,9,Male,42,2,Single,3
370,1034442,21,Yes,Cardiology,12,Female,90,2,Single,1
371,1616596,29,No,Maternity,23,Male,54,4,Single,6
372,1078791,35,No,Maternity,9,Male,97,2,Single,10
373,1513965,27,No,Maternity,1,Male,82,2,Divorced,5
374,1786169,28,No,Cardiology,9,Male,92,4,Single,7
375,1377506,49,No,Maternity,7,Male,31,3,Single,26
376,1653415,51,No,Cardiology,14,Female,87,4,Married,18
377,1125672,36,No,Maternity,2,Female,96,3,Married,6
378,1629676,34,Yes,Cardiology,19,Male,67,4,Single,9
379,1121223,55,No,Neurology,2,Female,97,4,Single,30
380,1339400,24,No,Cardiology,10,Female,77,3,Divorced,5
381,1382648,30,No,Cardiology,2,Male,72,2,Married,1
382,1685681,26,No,Maternity,3,Male,73,1,Single,7
383,1700683,22,No,Maternity,11,Female,43,2,Married,2
384,1634874,36,No,Cardiology,2,Male,61,3,Married,10
385,1362644,30,Yes,Maternity,4,Male,40,4,Single,3
386,1286933,37,No,Maternity,14,Female,95,1,Divorced,18
387,1848633,40,No,Cardiology,2,Female,46,2,Divorced,8
388,1065198,42,No,Maternity,1,Female,95,1,Divorced,8
389,1703984,37,No,Maternity,10,Male,49,2,Single,18
390,1538992,43,No,Maternity,12,Male,59,2,Divorced,25
391,1488170,40,No,Maternity,2,Female,78,3,Married,20
392,1530826,54,No,Maternity,5,Male,86,1,Married,24
393,1550660,34,No,Cardiology,4,Female,72,3,Married,6
394,1766543,31,No,Neurology,7,Female,31,1,Married,13
395,1241240,43,No,Maternity,21,Male,61,4,Married,8
396,1616188,43,No,Maternity,8,Female,74,3,Divorced,8
397,1068776,25,No,Cardiology,4,Female,99,4,Single,5
398,1514615,37,No,Maternity,25,Female,72,3,Married,15
399,1413436,31,No,Maternity,1,Male,98,1,Married,4
400,1660433,39,No,Neurology,1,Male,52,3,Divorced,21
401,1415736,56,No,Cardiology,6,Female,86,1,Married,36
402,1356712,30,No,Cardiology,12,Female,83,3,Single,6
403,1482423,41,No,Cardiology,1,Male,49,1,Married,10
404,1735186,28,No,Maternity,17,Male,79,1,Divorced,10
405,1303791,25,Yes,Maternity,3,Male,91,1,Married,6
406,1595705,52,No,Neurology,3,Male,39,3,Married,28
407,1314827,45,No,Maternity,10,Male,69,4,Married,8
408,1499671,52,No,Neurology,4,Female,30,4,Married,31
409,1085614,42,No,Maternity,29,Female,92,3,Divorced,19
410,1635763,30,No,Neurology,2,Female,43,4,Single,11
411,1031735,60,No,Neurology,7,Female,41,1,Married,33
412,1787984,46,No,Maternity,18,Female,87,3,Divorced,19
413,1867121,42,No,Maternity,28,Female,88,4,Married,7
414,1377208,24,Yes,Cardiology,1,Female,62,2,Single,6
415,1548908,34,No,Cardiology,6,Female,33,3,Divorced,3
416,1501749,38,No,Maternity,2,Male,42,4,Married,1
417,1317087,40,No,Cardiology,2,Female,79,3,Married,21
418,1865341,26,No,Maternity,23,Female,90,4,Divorced,3
419,1051420,30,No,Maternity,3,Male,53,4,Married,9
420,1589813,29,No,Maternity,3,Male,93,3,Married,10
421,1297138,29,Yes,Maternity,25,Female,71,2,Married,6
422,1191505,19,Yes,Neurology,2,Male,52,4,Single,1
423,1708021,30,No,Cardiology,22,Female,69,1,Married,10
424,1353649,57,No,Cardiology,29,Male,56,4,Divorced,32
425,1669573,50,No,Neurology,29,Male,88,3,Married,28
426,1613984,30,No,Maternity,2,Female,49,4,Single,12
427,1269877,60,No,Cardiology,28,Female,80,1,Married,22
428,1593662,47,No,Neurology,2,Female,65,4,Divorced,20
429,1580340,46,No,Maternity,2,Male,51,3,Married,26
430,1354096,35,No,Maternity,22,Male,46,3,Single,6
431,1667303,54,No,Maternity,8,Female,42,3,Single,19
432,1095688,34,No,Maternity,2,Male,62,3,Divorced,14
433,1725110,31,No,Maternity,9,Male,33,2,Divorced,13
434,1563027,33,Yes,Neurology,15,Male,56,3,Married,15
435,1173414,33,No,Maternity,10,Male,38,4,Divorced,8
436,1188476,30,No,Cardiology,7,Male,57,2,Single,4
437,1204541,35,No,Maternity,16,Male,72,3,Married,10
438,1736866,31,Yes,Maternity,20,Male,66,3,Married,12
439,1776529,34,Yes,Neurology,23,Female,43,1,Divorced,11
440,1489398,42,No,Maternity,5,Male,97,3,Married,8
441,1673608,36,No,Cardiology,10,Male,32,4,Single,10
442,1107497,22,No,Maternity,4,Male,99,3,Single,4
443,1096432,48,No,Cardiology,2,Female,37,4,Married,14
444,1045162,55,No,Cardiology,18,Female,83,2,Single,37
445,1756239,41,No,Cardiology,10,Male,56,4,Single,16
446,1372229,35,No,Cardiology,1,Male,85,3,Married,15
447,1413753,40,No,Neurology,6,Female,75,3,Single,22
448,1394294,39,No,Maternity,8,Female,48,3,Married,8
449,1233772,31,No,Cardiology,2,Male,77,4,Single,10
450,1882668,42,No,Maternity,24,Male,56,1,Married,10
451,1218847,45,No,Cardiology,2,Male,61,2,Married,9
452,1636995,26,Yes,Neurology,17,Female,58,3,Divorced,8
453,1780761,29,No,Maternity,19,Male,34,4,Divorced,8
454,1375351,33,No,Maternity,1,Female,95,3,Divorced,10
455,1670281,31,No,Cardiology,7,Male,44,4,Divorced,10
456,1138891,18,Yes,Cardiology,5,Male,69,2,Single,0
457,1755403,40,No,Cardiology,28,Male,58,1,Divorced,20
458,1566630,41,No,Maternity,2,Female,62,3,Single,10
459,1777635,26,No,Cardiology,29,Male,45,3,Divorced,8
460,1427912,35,No,Cardiology,1,Female,80,3,Single,5
461,1884554,34,No,Cardiology,21,Male,74,4,Single,10
462,1335605,26,Yes,Maternity,24,Male,66,4,Single,1
463,1361476,37,No,Neurology,1,Female,59,4,Single,12
464,1057253,46,No,Maternity,18,Female,86,3,Married,28
465,1617735,41,No,Cardiology,2,Female,91,1,Married,22
466,1037353,37,No,Cardiology,9,Male,69,2,Divorced,9
467,1455020,52,No,Maternity,6,Male,78,1,Divorced,18
468,1689256,32,No,Cardiology,11,Male,60,3,Married,6
469,1793245,24,No,Cardiology,24,Male,38,4,Married,3
470,1267131,38,No,Maternity,10,Female,76,3,Married,18
471,1105684,37,No,Neurology,1,Female,65,2,Married,8
472,1206385,49,No,Maternity,18,Male,58,3,Divorced,31
473,1487282,24,No,Maternity,23,Male,89,4,Married,6
474,1295289,26,No,Cardiology,28,Male,66,2,Married,6
475,1875209,24,No,Maternity,17,Male,94,2,Married,1
476,1079394,50,No,Neurology,3,Male,99,2,Married,32
477,1353559,25,No,Cardiology,13,Male,40,3,Married,7
478,1119549,24,Yes,Maternity,7,Female,55,3,Married,6
479,1209208,30,Yes,Cardiology,12,Male,74,1,Married,1
480,1228187,34,No,Maternity,1,Male,83,4,Married,6
481,1090528,31,No,Cardiology,13,Male,46,1,Divorced,9
482,1665575,35,No,Maternity,25,Male,54,4,Single,9
483,1761086,31,No,Cardiology,6,Male,66,4,Divorced,13
484,1591129,27,No,Maternity,6,Female,66,3,Divorced,6
485,1518444,37,No,Cardiology,2,Male,75,3,Married,17
486,1814200,42,No,Maternity,2,Female,81,4,Married,10
487,1669153,43,No,Maternity,6,Male,50,4,Divorced,21
488,1668455,38,No,Maternity,1,Female,43,1,Single,8
489,1251852,43,No,Maternity,9,Male,72,3,Divorced,10
490,1589946,48,No,Neurology,1,Female,40,1,Married,21
491,1580530,44,No,Neurology,1,Female,50,3,Single,10
492,1718961,34,No,Cardiology,14,Female,31,3,Divorced,8
493,1792606,27,No,Cardiology,2,Male,85,1,Divorced,5
494,1147261,21,No,Cardiology,22,Male,49,3,Single,3
495,1434704,44,No,Neurology,3,Male,35,4,Married,26
496,1794793,22,No,Maternity,6,Male,69,3,Married,3
497,1034561,33,No,Cardiology,8,Male,39,3,Divorced,6
498,1745732,32,No,Maternity,9,Female,92,4,Married,6
499,1477313,30,No,Maternity,3,Female,71,3,Divorced,1
500,1624205,53,No,Cardiology,1,Female,34,1,Single,18
501,1641585,34,No,Maternity,1,Male,42,4,Married,10
502,1080875,45,Yes,Cardiology,26,Female,100,1,Married,5
503,1551597,26,No,Maternity,6,Female,71,4,Married,3
504,1498477,37,No,Neurology,3,Male,36,3,Married,10
505,1507332,29,No,Cardiology,3,Female,62,3,Married,6
506,1398672,35,No,Maternity,6,Male,82,4,Single,17
507,1179356,33,No,Maternity,6,Male,30,4,Divorced,15
508,1414067,54,No,Neurology,19,Male,88,2,Married,16
509,1285109,36,No,Maternity,9,Male,48,2,Divorced,13
510,1699009,27,No,Maternity,3,Male,54,4,Single,5
511,1547538,20,Yes,Maternity,10,Male,32,3,Single,1
512,1712154,33,Yes,Maternity,3,Male,70,1,Single,10
513,1715015,35,No,Maternity,3,Male,41,3,Married,1
514,1344006,23,No,Maternity,4,Male,58,1,Married,5
515,1136352,25,No,Cardiology,8,Male,57,2,Married,4
516,1767421,38,No,Cardiology,7,Female,46,4,Single,8
517,1196090,29,No,Maternity,1,Male,76,4,Divorced,10
518,1202761,48,No,Cardiology,2,Male,56,2,Married,12
519,1288214,27,No,Cardiology,3,Female,71,4,Divorced,6
520,1510616,37,No,Maternity,10,Male,80,4,Single,4
521,1824855,50,No,Maternity,28,Male,74,3,Married,20
522,1700617,34,No,Maternity,9,Female,46,2,Single,9
523,1589131,24,No,Cardiology,3,Female,65,3,Single,4
524,1634766,39,No,Maternity,2,Female,80,3,Single,20
525,1248364,32,No,Cardiology,10,Male,55,4,Single,10
526,1844102,50,No,Cardiology,8,Male,50,3,Married,18
527,1180968,38,No,Maternity,1,Female,33,4,Single,10
528,1705991,27,No,Neurology,1,Female,68,1,Married,9
529,1533978,32,No,Maternity,3,Female,39,4,Single,10
530,1838364,47,No,Cardiology,14,Male,42,1,Single,20
531,1886378,40,No,Cardiology,5,Male,48,1,Married,20
532,1217160,53,No,Maternity,7,Male,59,3,Married,32
533,1494989,41,No,Neurology,10,Male,73,4,Divorced,23
534,1180556,60,No,Cardiology,16,Male,84,1,Single,10
535,1271756,27,No,Maternity,10,Male,32,1,Divorced,9
536,1786662,41,No,Neurology,1,Male,59,3,Married,22
537,1713058,50,No,Cardiology,8,Male,54,2,Married,4
538,1879624,28,Yes,Maternity,1,Female,67,2,Single,10
539,1530315,36,No,Maternity,8,Female,63,1,Married,10
540,1589247,38,No,Neurology,1,Female,81,3,Single,10
541,1347933,44,No,Maternity,24,Male,49,3,Single,9
542,1031434,47,No,Cardiology,3,Female,49,3,Divorced,28
543,1699255,30,No,Cardiology,27,Male,99,4,Divorced,10
544,1670081,29,No,Cardiology,10,Male,99,3,Single,1
545,1542367,42,Yes,Maternity,19,Male,57,3,Divorced,7
546,1259211,43,No,Cardiology,15,Male,47,4,Married,7
547,1758544,34,No,Maternity,8,Female,96,3,Single,10
548,1545288,23,No,Maternity,9,Male,37,1,Married,5
549,1121259,39,No,Neurology,3,Female,44,2,Married,12
550,1126307,56,No,Maternity,9,Male,81,4,Married,30
551,1400061,40,No,Maternity,2,Female,86,4,Single,5
552,1855799,27,No,Maternity,7,Female,55,1,Single,9
553,1639147,29,No,Cardiology,10,Male,83,2,Divorced,2
554,1446990,53,No,Maternity,6,Male,86,4,Single,19
555,1446447,35,No,Maternity,2,Female,61,1,Divorced,16
556,1729159,32,No,Maternity,24,Male,80,4,Married,10
557,1808474,38,No,Maternity,2,Male,92,3,Married,6
558,1254029,34,No,Cardiology,8,Female,32,1,Divorced,7
559,1581250,52,No,Cardiology,3,Male,31,1,Married,34
560,1269152,33,Yes,Maternity,1,Male,63,4,Single,10
561,1615430,25,No,Cardiology,26,Female,32,4,Single,6
562,1186983,45,No,Cardiology,2,Male,46,3,Single,9
563,1570791,23,No,Maternity,10,Male,79,3,Single,2
564,1052229,47,Yes,Cardiology,27,Female,77,3,Single,8
565,1551168,34,No,Cardiology,2,Male,60,4,Single,6
566,1699666,55,Yes,Neurology,2,Male,78,1,Married,24
567,1521095,36,No,Cardiology,8,Male,76,1,Single,10
568,1224712,52,No,Maternity,19,Male,41,4,Married,5
569,1238998,26,No,Maternity,1,Female,71,4,Divorced,5
570,1541532,29,No,Maternity,27,Female,66,3,Married,11
571,1152345,26,Yes,Cardiology,8,Male,38,1,Single,6
572,1830116,34,No,Maternity,1,Female,72,4,Single,10
573,1755563,54,No,Maternity,19,Female,95,1,Divorced,9
574,1660820,27,No,Cardiology,8,Male,84,4,Married,5
575,1150067,37,No,Maternity,10,Female,82,1,Divorced,6
576,1862559,38,No,Neurology,2,Female,75,1,Single,17
577,1107380,34,No,Maternity,2,Female,86,1,Single,6
578,1734641,35,No,Cardiology,8,Female,72,4,Married,3
579,1298935,30,No,Maternity,1,Male,38,3,Married,7
580,1025177,40,No,Maternity,2,Female,38,2,Married,8
581,1546242,34,No,Cardiology,8,Female,93,1,Married,6
582,1288565,42,No,Neurology,8,Male,66,4,Divorced,24
583,1572087,23,Yes,Maternity,6,Male,63,1,Married,1
584,1451315,24,No,Maternity,9,Male,60,2,Divorced,1
585,1755899,52,No,Maternity,11,Female,82,3,Married,9
586,1330421,50,No,Maternity,2,Male,64,3,Married,30
587,1187355,29,Yes,Maternity,1,Female,36,1,Married,1
588,1297416,33,No,Maternity,7,Male,49,3,Married,14
589,1161558,33,Yes,Cardiology,16,Female,69,1,Single,6
590,1069822,47,No,Neurology,2,Female,33,4,Married,26
591,1418243,36,No,Neurology,1,Female,35,2,Married,10
592,1312456,29,No,Maternity,23,Male,81,3,Married,10
593,1294456,58,Yes,Maternity,2,Male,31,2,Single,40
594,1637745,35,No,Maternity,1,Female,40,3,Single,7
595,1307498,42,No,Neurology,1,Female,43,4,Married,8
596,1759857,28,No,Maternity,2,Male,46,3,Single,5
597,1675215,36,No,Neurology,13,Male,36,2,Married,8
598,1845955,32,No,Neurology,4,Female,98,3,Married,14
599,1178013,40,No,Maternity,16,Male,51,3,Single,10
600,1266910,30,No,Neurology,2,Female,52,4,Single,12
601,1643001,45,No,Maternity,2,Female,95,3,Single,1
602,1804767,42,No,Maternity,29,Male,98,2,Married,10
603,1686305,38,No,Maternity,12,Male,45,1,Divorced,13
604,1375250,34,No,Maternity,16,Female,100,4,Single,6
605,1744940,49,No,Cardiology,11,Female,43,4,Married,9
606,1545377,55,No,Cardiology,2,Male,37,4,Single,12
607,1282527,43,No,Maternity,14,Male,94,1,Married,22
608,1266242,27,No,Maternity,5,Male,42,4,Divorced,9
609,1668361,35,No,Neurology,7,Male,59,3,Single,17
610,1574775,28,No,Cardiology,2,Female,81,2,Married,8
611,1822365,34,No,Neurology,3,Male,88,4,Married,4
612,1082176,26,Yes,Maternity,5,Female,88,3,Married,8
613,1415673,27,No,Maternity,3,Male,50,4,Married,0
614,1455518,51,No,Cardiology,26,Female,66,3,Married,29
615,1117532,44,No,Maternity,4,Male,50,2,Single,10
616,1450149,25,No,Maternity,2,Male,65,1,Single,6
617,1826341,33,No,Cardiology,1,Male,48,1,Divorced,9
618,1276016,35,No,Maternity,27,Female,53,1,Single,6
619,1193450,36,No,Cardiology,1,Male,56,4,Married,18
620,1119237,32,No,Cardiology,13,Male,73,4,Divorced,8
621,1077496,30,No,Maternity,5,Male,75,4,Divorced,10
622,1689022,53,No,Cardiology,7,Female,78,4,Married,35
623,1580740,45,No,Cardiology,9,Male,74,1,Divorced,18
624,1214731,32,No,Maternity,8,Female,91,3,Married,9
625,1501967,52,No,Maternity,25,Female,81,4,Married,31
626,1659259,37,No,Cardiology,16,Male,66,3,Divorced,9
627,1851689,28,No,Neurology,8,Male,63,4,Divorced,6
628,1578894,22,No,Neurology,1,Male,33,4,Married,4
629,1147768,44,No,Maternity,8,Male,62,4,Married,10
630,1341422,42,No,Maternity,2,Male,35,4,Single,8
631,1524503,36,No,Neurology,8,Male,77,1,Married,6
632,1643524,25,No,Cardiology,3,Male,98,1,Married,5
633,1330630,35,No,Maternity,9,Female,66,3,Married,17
634,1050771,35,Yes,Maternity,25,Female,96,2,Divorced,10
635,1864456,32,No,Maternity,1,Male,61,4,Divorced,4
636,1252375,25,No,Cardiology,4,Male,87,1,Married,5
637,1127921,49,No,Maternity,1,Female,36,1,Married,7
638,1122784,24,No,Maternity,4,Male,46,4,Married,6
639,1767740,32,No,Cardiology,5,Male,48,2,Married,10
640,1740909,38,No,Cardiology,9,Male,98,2,Married,3
641,1395500,42,No,Maternity,3,Female,95,4,Married,17
642,1253827,31,No,Maternity,11,Male,48,4,Married,8
643,1329687,29,Yes,Cardiology,1,Female,48,3,Divorced,5
644,1221211,53,No,Cardiology,8,Male,73,4,Married,28
645,1731227,35,No,Maternity,25,Male,78,2,Married,16
646,1716658,37,No,Cardiology,21,Female,54,4,Married,10
647,1856275,53,No,Maternity,23,Female,72,4,Single,33
648,1780189,43,No,Maternity,1,Female,33,4,Married,12
649,1662886,47,No,Cardiology,2,Female,35,4,Married,8
650,1455944,37,No,Cardiology,19,Male,32,2,Single,10
651,1597875,50,No,Neurology,2,Male,98,1,Divorced,31
652,1514580,39,No,Neurology,2,Female,42,4,Married,13
653,1457833,33,No,Neurology,3,Male,57,2,Divorced,7
654,1406364,32,Yes,Maternity,25,Male,87,4,Single,1
655,1574807,29,No,Maternity,7,Female,62,4,Divorced,8
656,1423464,44,No,Maternity,9,Male,61,1,Married,8
657,1592499,28,No,Cardiology,5,Male,98,4,Single,4
658,1870106,58,Yes,Maternity,2,Male,57,4,Divorced,3
659,1860698,43,No,Cardiology,8,Female,55,2,Divorced,4
660,1334434,20,Yes,Cardiology,2,Female,49,3,Single,2
661,1657594,21,Yes,Maternity,18,Female,65,4,Single,1
662,1497902,36,No,Maternity,14,Male,68,4,Married,17
663,1289682,47,No,Cardiology,2,Female,65,4,Single,3
664,1185964,22,No,Neurology,3,Female,34,3,Married,4
665,1179676,41,Yes,Maternity,2,Female,57,4,Divorced,10
666,1034373,28,No,Maternity,9,Female,77,3,Divorced,6
667,1126499,39,Yes,Maternity,6,Male,70,1,Married,8
668,1334359,27,No,Maternity,4,Female,76,3,Single,1
669,1254150,34,No,Maternity,10,Male,83,2,Divorced,1
670,1206644,42,No,Cardiology,14,Female,68,3,Single,10
671,1766963,33,No,Maternity,1,Male,100,1,Single,6
672,1795081,58,No,Maternity,5,Female,37,2,Divorced,24
673,1213565,31,No,Cardiology,7,Male,41,3,Married,13
674,1416487,35,No,Maternity,21,Female,51,4,Married,10
675,1314640,49,No,Maternity,8,Female,51,2,Married,29
676,1186466,48,No,Maternity,20,Male,51,3,Married,13
677,1749032,31,No,Cardiology,20,Female,45,3,Married,9
678,1674536,36,No,Maternity,7,Male,65,4,Single,8
679,1327078,38,No,Maternity,1,Female,80,1,Married,15
680,1738679,32,No,Maternity,1,Female,70,2,Married,5
681,1117151,25,Yes,Cardiology,19,Male,36,2,Married,1
682,1732657,40,No,Cardiology,10,Male,67,2,Divorced,11
683,1840229,26,No,Cardiology,1,Male,52,1,Single,7
684,1179217,41,No,Maternity,6,Male,59,1,Single,20
685,1612583,36,No,Maternity,2,Male,79,3,Single,16
686,1115854,19,Yes,Cardiology,21,Male,37,2,Single,1
687,1306693,20,Yes,Maternity,4,Male,84,1,Single,1
688,1142961,31,No,Maternity,12,Female,41,4,Married,10
689,1578228,40,No,Maternity,9,Male,35,2,Divorced,3
690,1607811,32,No,Neurology,3,Female,93,1,Married,8
691,1157826,36,No,Cardiology,3,Male,51,4,Married,16
692,1863388,33,No,Maternity,1,Female,42,4,Single,6
693,1818424,37,Yes,Cardiology,1,Male,46,3,Married,17
694,1707397,45,No,Maternity,4,Male,57,2,Married,9
695,1742953,29,No,Cardiology,20,Female,84,4,Married,3
696,1416528,35,No,Cardiology,18,Female,86,3,Married,5
697,1376209,52,No,Neurology,1,Male,70,4,Married,26
698,1238813,58,No,Maternity,2,Male,51,3,Single,7
699,1715239,53,No,Cardiology,2,Male,45,3,Divorced,22
700,1688979,30,No,Cardiology,8,Male,62,3,Divorced,10
701,1297623,38,No,Cardiology,10,Female,85,4,Single,6
702,1685947,35,No,Cardiology,3,Male,92,4,Divorced,12
703,1785279,39,No,Cardiology,2,Male,41,3,Single,9
704,1378606,40,Yes,Cardiology,24,Female,100,2,Single,22
705,1118201,47,No,Maternity,16,Male,64,3,Divorced,20
706,1866341,36,No,Cardiology,8,Male,84,4,Divorced,12
707,1649317,31,Yes,Maternity,9,Male,46,1,Single,4
708,1281310,33,No,Cardiology,17,Male,38,3,Single,10
709,1658398,29,Yes,Maternity,10,Female,92,1,Single,3
710,1462108,33,No,Maternity,13,Female,53,4,Single,5
711,1790357,45,No,Maternity,1,Female,91,4,Divorced,8
712,1752868,50,No,Maternity,1,Male,66,4,Divorced,32
713,1324348,33,No,Maternity,1,Female,84,2,Married,6
714,1576599,41,No,Maternity,9,Male,64,3,Divorced,21
715,1381113,27,No,Maternity,16,Female,37,2,Married,4
716,1591865,45,No,Maternity,23,Male,42,1,Married,9
717,1321447,47,No,Cardiology,4,Female,83,4,Single,9
718,1034220,30,Yes,Maternity,22,Female,48,3,Married,7
719,1359967,50,No,Maternity,24,Male,95,3,Married,22
720,1662076,38,No,Maternity,10,Male,66,3,Married,3
721,1555678,46,No,Neurology,7,Male,75,3,Divorced,13
722,1071870,24,No,Maternity,17,Female,41,3,Divorced,5
723,1690577,35,Yes,Maternity,14,Male,39,2,Divorced,5
724,1109596,31,No,Neurology,1,Female,96,1,Married,4
725,1483743,18,No,Maternity,5,Male,73,4,Single,0
726,1100306,54,No,Maternity,17,Female,56,3,Married,22
727,1667869,35,No,Maternity,25,Female,57,3,Divorced,16
728,1079832,30,No,Maternity,8,Female,73,1,Married,9
729,1236529,20,Yes,Maternity,11,Female,98,1,Single,1
730,1233733,30,No,Maternity,5,Female,60,2,Single,4
731,1824641,26,No,Neurology,2,Male,32,4,Married,8
732,1559236,22,No,Maternity,8,Male,94,1,Married,4
733,1362920,48,No,Maternity,6,Male,97,3,Single,19
734,1374656,48,No,Maternity,4,Male,78,3,Single,27
735,1541429,41,No,Cardiology,7,Female,42,3,Single,8
736,1383639,27,No,Neurology,2,Female,47,4,Married,4
737,1631280,35,No,Maternity,10,Male,45,4,Divorced,3
738,1212094,42,No,Cardiology,5,Male,90,3,Married,21
739,1509823,50,No,Maternity,9,Male,64,4,Married,8
740,1297098,59,No,Neurology,2,Female,69,4,Single,30
741,1664278,37,Yes,Maternity,11,Female,61,2,Married,15
742,1316661,55,No,Maternity,18,Male,62,2,Married,17
743,1633200,41,No,Maternity,7,Female,55,3,Divorced,21
744,1480769,38,No,Cardiology,3,Male,42,4,Single,19
745,1665250,26,Yes,Cardiology,29,Male,79,1,Single,7
746,1476575,52,No,Cardiology,2,Female,57,4,Married,33
747,1580401,44,No,Cardiology,28,Female,53,4,Married,23
748,1735028,50,No,Cardiology,1,Female,95,3,Married,19
749,1330619,36,No,Maternity,16,Female,43,1,Single,18
750,1142212,39,No,Maternity,22,Female,82,1,Single,21
751,1239925,33,No,Cardiology,8,Female,88,4,Single,3
752,1477537,45,No,Cardiology,11,Female,90,4,Married,26
753,1404854,32,No,Maternity,29,Female,69,3,Single,10
754,1401928,34,No,Cardiology,1,Male,75,4,Divorced,16
755,1041678,59,No,Cardiology,1,Male,66,4,Married,14
756,1568634,45,No,Neurology,24,Male,36,2,Single,6
757,1763986,53,No,Cardiology,2,Female,38,2,Married,30
758,1721556,36,No,Maternity,15,Male,81,3,Divorced,9
759,1631537,26,Yes,Maternity,2,Male,57,1,Married,6
760,1277508,34,No,Cardiology,10,Female,87,3,Married,1
761,1873017,28,No,Cardiology,10,Male,74,2,Married,1
762,1776541,38,No,Maternity,3,Male,44,3,Married,8
763,1545738,50,No,Maternity,2,Male,62,3,Married,29
764,1775055,37,No,Maternity,3,Female,35,2,Single,8
765,1087619,40,No,Cardiology,26,Male,74,1,Married,8
766,1409664,26,No,Maternity,1,Female,66,3,Divorced,5
767,1206462,46,No,Maternity,1,Male,40,4,Divorced,23
768,1431621,54,No,Cardiology,2,Female,41,3,Married,13
769,1045879,56,No,Maternity,9,Female,63,3,Married,18
770,1619652,36,No,Maternity,12,Female,51,4,Single,15
771,1828114,55,No,Neurology,2,Male,40,1,Single,31
772,1128254,43,No,Cardiology,25,Male,79,4,Divorced,18
773,1084699,20,Yes,Cardiology,9,Female,54,4,Single,2
774,1343829,21,Yes,Maternity,10,Female,36,1,Single,1
775,1603378,46,No,Maternity,8,Female,74,1,Divorced,19
776,1720881,51,No,Maternity,4,Male,34,3,Married,18
777,1748251,28,No,Maternity,24,Male,72,1,Single,10
778,1740472,26,No,Maternity,1,Male,59,1,Married,6
779,1825779,30,No,Maternity,20,Male,85,1,Married,7
780,1221286,41,No,Maternity,7,Female,43,3,Married,10
781,1595168,38,No,Maternity,17,Female,65,3,Married,20
782,1317075,40,No,Maternity,20,Male,61,4,Married,14
783,1169735,27,No,Maternity,8,Male,87,3,Married,3
784,1818130,55,No,Neurology,2,Male,65,2,Married,23
785,1467266,28,No,Maternity,10,Female,59,3,Single,10
786,1242796,44,No,Neurology,1,Male,91,1,Married,24
787,1116632,33,No,Maternity,5,Male,34,4,Divorced,9
788,1338800,35,Yes,Cardiology,4,Male,86,1,Single,9
789,1823713,33,No,Maternity,29,Female,54,3,Single,14
790,1461105,28,No,Maternity,15,Male,50,3,Divorced,4
791,1714672,34,No,Maternity,3,Male,45,4,Single,7
792,1264321,37,No,Cardiology,10,Female,88,4,Divorced,8
793,1570590,25,No,Maternity,4,Male,32,4,Married,7
794,1417598,26,Yes,Maternity,21,Male,37,3,Divorced,1
795,1875940,33,Yes,Maternity,25,Male,55,2,Single,5
796,1815487,42,No,Neurology,2,Male,35,1,Married,23
797,1364682,28,No,Maternity,1,Male,45,2,Divorced,1
798,1150498,50,No,Cardiology,1,Male,81,3,Single,5
799,1446684,33,No,Cardiology,7,Female,30,2,Married,4
800,1852842,34,No,Maternity,3,Male,40,4,Married,6
801,1554886,48,No,Neurology,1,Male,35,4,Single,27
802,1454712,45,No,Cardiology,9,Female,65,3,Married,15
803,1212693,52,No,Maternity,7,Male,87,2,Single,18
804,1312769,38,No,Cardiology,10,Male,73,3,Divorced,9
805,1601148,29,No,Maternity,28,Female,93,4,Divorced,11
806,1133211,28,No,Neurology,3,Female,93,2,Divorced,10
807,1856618,46,No,Cardiology,3,Male,52,3,Married,23
808,1042408,38,No,Cardiology,2,Male,32,2,Single,10
809,1789769,43,No,Maternity,27,Female,83,1,Married,18
810,1440393,39,No,Maternity,2,Male,84,4,Divorced,21
811,1091520,40,No,Maternity,14,Male,44,3,Single,21
812,1818532,21,Yes,Maternity,1,Female,70,2,Single,2
813,1292995,39,No,Maternity,9,Male,70,2,Single,9
814,1522372,36,No,Maternity,18,Male,78,4,Single,18
815,1308397,31,No,Cardiology,20,Male,67,4,Married,3
816,1138410,28,No,Maternity,2,Male,67,2,Married,6
817,1752889,35,No,Cardiology,11,Male,54,4,Divorced,5
818,1425897,49,No,Cardiology,8,Male,56,2,Married,22
819,1719792,34,No,Neurology,2,Male,95,3,Single,5
820,1377897,29,No,Maternity,10,Female,61,2,Divorced,8
821,1692477,42,No,Maternity,29,Male,56,4,Single,16
822,1618530,29,No,Maternity,8,Male,79,4,Married,10
823,1619491,38,No,Neurology,1,Male,37,3,Married,7
824,1321732,28,No,Maternity,6,Male,39,3,Divorced,3
825,1313694,18,Yes,Maternity,8,Male,80,3,Single,0
826,1140608,33,Yes,Cardiology,9,Female,77,1,Single,6
827,1190899,41,No,Maternity,12,Male,46,4,Married,6
828,1131723,31,No,Maternity,15,Male,72,3,Married,2
829,1066655,37,No,Maternity,25,Female,52,4,Divorced,9
830,1061785,27,No,Maternity,6,Male,55,3,Married,4
831,1745568,34,No,Cardiology,9,Female,70,3,Married,6
832,1034814,35,No,Neurology,8,Male,100,3,Single,6
833,1778989,29,Yes,Cardiology,23,Female,45,1,Married,11
834,1452385,40,No,Maternity,9,Female,88,3,Single,20
835,1513386,42,No,Cardiology,12,Male,44,1,Single,22
836,1812528,42,No,Cardiology,4,Male,45,1,Single,9
837,1479961,35,No,Maternity,1,Male,58,3,Married,10
838,1446497,24,No,Maternity,24,Male,49,2,Single,6
839,1340549,28,Yes,Maternity,12,Female,79,4,Married,1
840,1588632,26,No,Maternity,3,Male,82,4,Married,8
841,1499676,30,No,Cardiology,10,Male,72,3,Married,10
842,1849677,40,No,Maternity,26,Female,92,4,Married,16
843,1209446,35,No,Neurology,2,Male,44,2,Divorced,15
844,1098841,34,No,Maternity,1,Male,97,1,Single,14
845,1871555,35,No,Maternity,4,Male,47,4,Married,2
846,1405213,43,Yes,Cardiology,9,Female,85,3,Single,7
847,1089994,32,No,Cardiology,2,Female,76,1,Divorced,1
848,1710657,56,No,Neurology,4,Female,92,1,Divorced,28
849,1511393,29,No,Maternity,6,Female,54,4,Married,10
850,1542698,19,No,Maternity,9,Male,54,1,Single,1
851,1764148,45,No,Maternity,7,Female,83,3,Married,7
852,1334983,37,No,Neurology,1,Female,56,4,Married,14
853,1713700,20,Yes,Maternity,3,Male,87,3,Single,2
854,1476340,44,Yes,Maternity,10,Male,96,3,Single,6
855,1795477,53,No,Neurology,7,Female,50,3,Divorced,26
856,1500784,29,Yes,Maternity,15,Female,69,4,Married,6
857,1455048,22,Yes,Maternity,3,Male,48,4,Married,1
858,1123335,46,No,Cardiology,2,Female,69,1,Married,28
859,1285566,44,No,Maternity,17,Male,74,3,Single,6
860,1279649,33,No,Neurology,2,Male,99,3,Married,5
861,1754610,41,Yes,Maternity,5,Male,95,1,Divorced,5
862,1260276,30,No,Cardiology,29,Male,61,1,Divorced,8
863,1313206,40,No,Cardiology,2,Male,62,2,Married,5
864,1562759,50,No,Neurology,2,Female,30,1,Married,32
865,1818579,28,No,Maternity,19,Male,78,1,Married,6
866,1221210,46,No,Maternity,15,Male,52,2,Married,25
867,1285937,35,No,Cardiology,17,Male,94,1,Married,15
868,1063216,24,Yes,Maternity,17,Female,97,2,Married,1
869,1551282,33,No,Cardiology,25,Female,82,3,Married,10
870,1310719,36,No,Maternity,6,Male,60,3,Divorced,7
871,1544205,30,No,Maternity,7,Male,49,3,Divorced,10
872,1503934,44,No,Maternity,29,Male,32,4,Single,20
873,1531205,20,No,Cardiology,21,Male,43,4,Single,2
874,1126413,46,No,Neurology,2,Male,60,4,Divorced,12
875,1170535,42,No,Neurology,2,Male,79,1,Married,10
876,1520995,60,No,Cardiology,7,Male,52,4,Divorced,12
877,1229290,32,No,Maternity,13,Female,77,2,Married,2
878,1034448,32,No,Maternity,2,Female,38,3,Single,10
879,1516924,36,No,Neurology,1,Female,77,1,Divorced,17
880,1487583,33,No,Maternity,9,Male,60,4,Married,15
881,1516360,40,No,Cardiology,10,Female,84,2,Divorced,7
882,1384279,25,No,Cardiology,10,Male,57,4,Single,5
883,1658193,30,No,Maternity,1,Male,63,2,Married,12
884,1645050,42,No,Maternity,26,Female,60,1,Married,20
885,1695470,35,No,Cardiology,8,Female,78,4,Married,16
886,1362336,27,No,Maternity,14,Male,42,1,Married,9
887,1442702,54,No,Neurology,1,Female,53,3,Divorced,33
888,1226564,44,No,Maternity,2,Female,72,4,Married,10
889,1245033,19,Yes,Maternity,10,Female,96,2,Single,1
890,1856613,29,No,Maternity,1,Female,97,4,Divorced,3
891,1559788,54,No,Maternity,3,Male,85,4,Married,36
892,1845153,31,No,Maternity,11,Male,80,1,Married,6
893,1216132,31,No,Maternity,24,Female,96,1,Single,10
894,1718896,59,No,Cardiology,3,Female,48,4,Single,13
895,1659741,43,No,Maternity,3,Male,96,4,Married,25
896,1460231,49,No,Neurology,4,Male,85,3,Married,23
897,1276743,36,No,Maternity,3,Male,46,2,Married,12
898,1551418,48,No,Maternity,2,Male,76,2,Single,7
899,1409781,27,No,Maternity,4,Male,76,3,Divorced,5
900,1429070,29,No,Maternity,7,Male,82,4,Divorced,6
901,1149718,48,No,Maternity,1,Male,76,4,Single,25
902,1593907,29,No,Maternity,1,Female,87,4,Divorced,9
903,1346366,34,No,Maternity,20,Female,89,3,Married,2
904,1471840,44,No,Cardiology,5,Male,88,2,Married,26
905,1081187,33,No,Cardiology,10,Male,82,3,Divorced,10
906,1237363,19,No,Maternity,25,Female,57,4,Single,1
907,1473069,23,No,Maternity,1,Male,47,3,Married,1
908,1322371,25,Yes,Cardiology,24,Male,73,4,Single,1
909,1574047,26,No,Maternity,4,Male,53,4,Single,8
910,1588094,45,No,Cardiology,2,Female,94,2,Single,26
911,1364438,55,No,Maternity,8,Male,37,2,Divorced,34
912,1724855,21,Yes,Maternity,10,Female,45,3,Single,2
913,1032289,46,No,Cardiology,4,Female,33,2,Married,26
914,1826524,34,No,Cardiology,2,Female,86,1,Single,4
915,1426682,51,No,Cardiology,9,Male,83,2,Divorced,31
916,1826449,59,No,Maternity,18,Male,67,4,Single,25
917,1319702,34,No,Maternity,19,Female,46,2,Divorced,15
918,1668404,28,Yes,Maternity,1,Male,44,3,Single,5
919,1459186,44,No,Neurology,4,Male,92,1,Divorced,26
920,1488640,34,No,Neurology,11,Male,56,2,Married,14
921,1711208,35,No,Maternity,6,Male,66,3,Married,4
922,1619962,42,No,Maternity,7,Female,78,2,Married,18
923,1411176,43,No,Cardiology,4,Female,56,4,Single,23
924,1702814,36,No,Neurology,2,Female,53,2,Single,18
925,1059499,44,No,Maternity,15,Female,73,4,Married,10
926,1612685,28,No,Maternity,2,Male,52,4,Married,2
927,1744003,51,No,Maternity,6,Female,40,3,Single,8
928,1825727,30,No,Maternity,9,Female,72,3,Single,10
929,1100849,29,Yes,Maternity,7,Female,39,3,Divorced,10
930,1165880,28,No,Maternity,1,Male,84,1,Single,5
931,1386101,25,No,Maternity,1,Female,40,2,Single,2
932,1053739,32,No,Cardiology,8,Male,56,4,Married,10
933,1259785,45,No,Neurology,25,Female,83,2,Single,22
934,1772045,39,No,Neurology,13,Female,94,2,Divorced,21
935,1153402,58,No,Maternity,23,Male,88,3,Divorced,2
936,1111156,32,No,Maternity,7,Male,79,3,Married,10
937,1191511,39,Yes,Maternity,23,Male,93,1,Single,6
938,1391589,30,No,Maternity,6,Female,48,4,Married,10
939,1474475,36,No,Maternity,10,Female,63,3,Married,10
940,1211290,46,No,Neurology,1,Female,44,1,Single,10
941,1193428,28,No,Maternity,1,Female,55,4,Married,10
942,1545703,50,No,Maternity,28,Female,43,1,Married,25
943,1202936,40,Yes,Cardiology,25,Male,57,2,Single,9
944,1171299,52,Yes,Cardiology,5,Male,64,2,Single,10
945,1277861,30,No,Neurology,17,Female,95,1,Married,9
946,1622014,39,No,Maternity,18,Male,32,3,Single,9
947,1379068,31,No,Cardiology,2,Female,57,3,Divorced,10
948,1546275,41,No,Cardiology,10,Male,40,2,Single,19
949,1288105,31,Yes,Cardiology,1,Female,54,2,Single,3
950,1518688,44,No,Maternity,3,Male,89,1,Married,10
951,1071499,42,No,Neurology,2,Male,37,3,Married,21
952,1704652,55,No,Neurology,2,Female,58,3,Married,23
953,1074172,56,No,Neurology,8,Male,99,2,Single,36
954,1415953,40,No,Maternity,16,Male,74,3,Divorced,6
955,1492244,34,No,Maternity,9,Male,86,4,Divorced,10
956,1510065,40,No,Maternity,2,Male,98,4,Single,9
957,1338493,41,No,Cardiology,1,Female,66,1,Divorced,10
958,1451242,35,No,Maternity,4,Male,87,3,Single,9
959,1265137,51,No,Neurology,5,Male,84,2,Divorced,33
960,1465164,38,No,Cardiology,2,Female,31,1,Divorced,11
961,1420569,34,No,Cardiology,15,Female,66,1,Single,10
962,1796375,25,No,Maternity,19,Male,67,4,Married,7
963,1536328,58,Yes,Cardiology,7,Female,53,1,Married,31
964,1346672,40,No,Maternity,1,Male,88,2,Married,7
965,1408258,36,No,Cardiology,7,Female,83,1,Married,17
966,1172129,48,No,Neurology,4,Male,54,4,Single,11
967,1525335,27,No,Cardiology,11,Female,98,4,Married,5
968,1138505,51,No,Maternity,11,Female,82,2,Single,29
969,1792003,18,No,Maternity,1,Female,97,4,Single,0
970,1584366,35,No,Maternity,1,Female,60,4,Married,10
971,1224247,27,No,Cardiology,2,Male,43,4,Single,8
972,1081600,55,Yes,Cardiology,13,Male,85,3,Single,24
973,1665397,56,No,Maternity,23,Male,68,2,Married,33
974,1073438,34,No,Maternity,26,Female,92,3,Divorced,5
975,1858522,40,No,Maternity,2,Female,89,3,Divorced,15
976,1528867,34,No,Maternity,29,Male,86,3,Married,10
977,1648657,31,Yes,Cardiology,2,Female,90,4,Single,3
978,1805986,35,Yes,Cardiology,18,Female,67,3,Married,5
979,1272720,38,No,Maternity,7,Male,57,3,Divorced,4
980,1415194,34,No,Maternity,2,Female,98,4,Single,14
981,1176516,28,No,Cardiology,26,Male,48,1,Married,5
982,1542102,31,Yes,Maternity,22,Male,98,3,Married,10
983,1872881,39,No,Cardiology,21,Male,44,4,Married,8
984,1588882,51,No,Cardiology,2,Male,52,2,Married,14
985,1278061,41,No,Maternity,22,Female,75,4,Divorced,12
986,1220976,37,No,Maternity,4,Male,54,3,Married,8
987,1068192,33,No,Cardiology,5,Male,61,4,Married,8
988,1633178,32,No,Cardiology,2,Male,36,2,Married,4
989,1432591,39,No,Maternity,25,Male,71,3,Married,13
990,1844995,25,No,Cardiology,18,Male,93,3,Married,6
991,1162157,52,No,Maternity,28,Female,59,3,Married,24
992,1084924,43,No,Maternity,6,Female,73,3,Single,20
993,1229066,27,No,Cardiology,10,Female,98,4,Married,6
994,1526314,27,Yes,Maternity,17,Female,51,3,Single,8
995,1339537,26,No,Maternity,2,Male,36,4,Single,5
996,1112703,42,No,Neurology,10,Female,31,1,Married,21
997,1768835,52,No,Maternity,8,Female,54,1,Married,12
998,1742081,37,No,Maternity,11,Female,94,3,Single,8
999,1729034,35,No,Maternity,18,Male,60,4,Single,10
1000,1141939,25,No,Maternity,1,Male,81,4,Married,7
1001,1115350,26,No,Maternity,7,Male,100,1,Single,8
1002,1218088,29,No,Neurology,17,Male,51,1,Single,10
1003,1246982,49,No,Maternity,28,Male,97,1,Single,20
1004,1458822,29,Yes,Maternity,14,Female,84,4,Single,9
1005,1699413,54,No,Maternity,1,Female,54,4,Single,29
1006,1620973,58,No,Maternity,1,Female,76,1,Married,32
1007,1793695,55,No,Maternity,1,Male,81,4,Divorced,31
1008,1583611,36,No,Cardiology,3,Female,99,2,Single,15
1009,1792620,31,Yes,Cardiology,1,Female,50,3,Single,1
1010,1225271,30,No,Cardiology,7,Female,73,1,Divorced,8
1011,1703058,31,No,Maternity,8,Female,93,2,Single,9
1012,1613258,34,No,Maternity,1,Male,91,1,Divorced,10
1013,1611839,31,Yes,Maternity,8,Female,34,2,Single,1
1014,1434118,27,No,Maternity,11,Male,91,1,Married,6
1015,1577542,36,No,Maternity,4,Male,37,4,Single,10
1016,1537620,36,No,Cardiology,16,Female,98,1,Married,11
1017,1827650,47,No,Maternity,1,Male,74,4,Married,17
1018,1533398,25,Yes,Cardiology,9,Male,68,1,Married,6
1019,1469983,37,No,Maternity,5,Male,84,3,Single,7
1020,1272818,56,No,Maternity,1,Female,90,1,Married,5
1021,1174986,47,No,Maternity,2,Female,82,3,Married,26
1022,1259120,24,No,Cardiology,4,Female,42,3,Married,5
1023,1236111,32,No,Cardiology,7,Male,97,4,Married,7
1024,1625621,34,No,Maternity,1,Female,86,2,Married,7
1025,1743607,41,No,Maternity,5,Male,90,3,Married,7
1026,1115072,40,No,Maternity,9,Male,81,3,Divorced,11
1027,1497203,31,No,Cardiology,8,Male,31,4,Divorced,13
1028,1821156,46,No,Cardiology,9,Male,52,4,Divorced,28
1029,1853035,39,Yes,Maternity,2,Female,54,1,Single,11
1030,1549232,31,No,Neurology,1,Female,100,2,Single,10
1031,1211666,45,No,Maternity,20,Male,95,1,Divorced,24
1032,1214806,31,No,Neurology,8,Female,96,2,Single,8
1033,1355585,31,Yes,Maternity,2,Male,94,4,Married,7
1034,1341233,45,No,Maternity,29,Male,55,4,Married,10
1035,1203781,48,No,Cardiology,7,Male,96,1,Divorced,15
1036,1234542,34,No,Neurology,9,Female,52,3,Married,2
1037,1282478,40,No,Maternity,8,Male,55,2,Divorced,16
1038,1488687,28,No,Cardiology,5,Male,84,1,Single,6
1039,1520049,44,No,Maternity,5,Male,90,3,Single,7
1040,1811254,53,No,Maternity,2,Male,39,2,Single,35
1041,1028391,49,No,Maternity,5,Male,96,3,Married,20
1042,1759045,40,No,Maternity,2,Male,68,3,Divorced,8
1043,1613858,44,No,Maternity,20,Male,49,2,Single,6
1044,1317016,33,No,Cardiology,7,Male,54,1,Married,5
1045,1364493,34,No,Cardiology,3,Male,81,1,Single,15
1046,1477875,30,No,Cardiology,16,Male,96,3,Married,4
1047,1439547,42,No,Maternity,9,Female,74,4,Single,12
1048,1869891,44,No,Cardiology,1,Female,79,3,Married,11
1049,1800991,30,No,Maternity,7,Male,64,3,Divorced,1
1050,1081412,57,No,Maternity,1,Male,93,3,Married,13
1051,1705514,49,No,Maternity,7,Male,35,2,Divorced,29
1052,1769488,34,No,Maternity,15,Male,71,1,Divorced,16
1053,1678672,28,No,Cardiology,1,Male,92,3,Married,5
1054,1472943,29,Yes,Cardiology,13,Female,51,2,Single,7
1055,1817745,34,Yes,Cardiology,24,Female,40,2,Single,16
1056,1218204,35,No,Cardiology,7,Male,76,3,Married,1
1057,1812838,24,Yes,Maternity,9,Male,89,1,Single,4
1058,1384737,24,No,Cardiology,13,Female,78,2,Married,1
1059,1456798,44,No,Neurology,2,Male,86,3,Single,16
1060,1075494,29,No,Cardiology,19,Male,77,3,Divorced,10
1061,1557335,30,No,Neurology,1,Male,46,3,Divorced,6
1062,1498617,55,No,Maternity,4,Male,30,3,Married,4
1063,1732917,33,No,Maternity,4,Female,82,2,Married,8
1064,1235079,47,No,Cardiology,14,Female,78,3,Married,11
1065,1473545,28,Yes,Maternity,2,Male,38,1,Single,8
1066,1608433,28,No,Maternity,1,Male,72,3,Divorced,1
1067,1768732,28,No,Cardiology,7,Male,55,1,Single,5
1068,1255286,49,No,Maternity,3,Female,43,1,Married,10
1069,1476766,29,No,Maternity,2,Female,97,2,Married,4
1070,1503842,28,No,Maternity,29,Male,96,2,Married,8
1071,1285005,33,No,Maternity,8,Male,69,3,Single,14
1072,1700420,32,No,Neurology,10,Male,64,4,Single,10
1073,1787068,54,No,Neurology,11,Female,87,4,Divorced,26
1074,1512296,29,Yes,Maternity,1,Male,100,1,Single,11
1075,1225168,44,No,Maternity,28,Male,32,1,Married,24
1076,1185178,39,No,Neurology,6,Female,32,2,Single,9
1077,1791733,46,No,Cardiology,3,Female,51,2,Married,23
1078,1445455,35,No,Maternity,16,Female,91,2,Single,11
1079,1225098,23,No,Maternity,20,Male,97,3,Single,5
1080,1161882,40,Yes,Maternity,9,Male,86,1,Single,15
1081,1130650,34,No,Cardiology,1,Male,64,3,Married,10
1082,1827679,31,Yes,Maternity,3,Female,33,3,Single,7
1083,1385384,50,No,Maternity,22,Male,88,4,Single,32
1084,1489531,34,No,Cardiology,7,Male,55,3,Married,12
1085,1879823,42,No,Maternity,2,Male,68,2,Married,4
1086,1072437,37,No,Maternity,13,Male,47,4,Married,10
1087,1685917,29,No,Maternity,8,Female,39,1,Married,9
1088,1144941,33,No,Maternity,25,Male,44,2,Single,5
1089,1520707,45,No,Maternity,28,Male,97,4,Married,8
1090,1655596,42,No,Maternity,2,Male,40,4,Married,24
1091,1582511,40,No,Cardiology,9,Male,47,1,Married,9
1092,1040101,33,No,Maternity,28,Male,79,3,Married,15
1093,1795482,40,No,Neurology,6,Male,38,4,Single,21
1094,1487869,24,No,Maternity,21,Male,57,1,Divorced,2
1095,1757748,40,No,Maternity,8,Male,72,4,Divorced,8
1096,1044155,45,No,Maternity,1,Male,66,2,Divorced,10
1097,1751058,35,No,Cardiology,28,Female,98,3,Married,6
1098,1800789,32,No,Maternity,5,Female,67,2,Married,12
1099,1258148,36,No,Cardiology,2,Male,70,4,Single,7
1100,1120429,48,No,Cardiology,16,Female,96,3,Divorced,18
1101,1604996,29,No,Maternity,9,Male,91,3,Married,5
1102,1152504,33,No,Cardiology,8,Male,46,1,Married,8
1103,1093589,30,No,Cardiology,1,Male,64,1,Married,10
1104,1152723,38,No,Neurology,10,Male,71,3,Married,10
1105,1561423,35,No,Maternity,1,Male,68,1,Single,3
1106,1603233,30,No,Cardiology,29,Male,33,2,Married,9
1107,1286513,35,Yes,Maternity,2,Female,69,1,Divorced,1
1108,1313838,53,No,Neurology,2,Female,78,4,Married,34
1109,1819647,38,No,Neurology,2,Male,81,2,Married,7
1110,1316836,32,No,Maternity,1,Male,62,1,Married,9
1111,1595159,48,No,Maternity,15,Female,65,1,Married,10
1112,1679356,34,No,Maternity,7,Male,35,4,Single,1
1113,1729981,55,No,Cardiology,26,Male,60,4,Married,36
1114,1597323,34,No,Maternity,1,Male,45,4,Married,9
1115,1765716,26,No,Maternity,3,Female,89,4,Married,1
1116,1573518,38,No,Cardiology,14,Male,80,2,Married,10
1117,1755222,38,No,Cardiology,16,Female,90,2,Single,8
1118,1689960,36,No,Cardiology,1,Female,73,3,Single,15
1119,1321308,29,No,Maternity,3,Male,87,1,Single,10
1120,1261502,35,No,Maternity,10,Female,51,3,Single,10
1121,1041532,39,No,Cardiology,6,Male,38,3,Married,11
1122,1828789,29,No,Maternity,2,Male,87,4,Divorced,6
1123,1638427,50,No,Cardiology,9,Male,59,3,Married,27
1124,1788553,23,No,Maternity,10,Male,45,3,Married,4
1125,1599847,36,No,Maternity,6,Male,80,1,Married,9
1126,1856176,42,No,Neurology,9,Male,93,4,Single,24
1127,1106946,35,No,Maternity,28,Male,46,3,Married,10
1128,1866800,34,No,Maternity,10,Male,92,3,Married,8
1129,1492385,40,No,Cardiology,14,Female,84,1,Married,5
1130,1463621,43,No,Maternity,27,Male,87,2,Divorced,8
1131,1562191,35,No,Maternity,7,Male,63,4,Married,1
1132,1801915,46,No,Cardiology,1,Male,56,1,Single,27
1133,1064286,28,Yes,Maternity,24,Male,51,2,Married,1
1134,1494533,22,Yes,Maternity,26,Female,85,3,Married,4
1135,1618456,50,No,Maternity,20,Male,41,3,Married,32
1136,1072876,32,No,Maternity,5,Female,35,4,Married,6
1137,1393835,44,No,Maternity,7,Female,31,4,Divorced,23
1138,1466602,30,No,Maternity,7,Male,48,2,Married,6
1139,1135463,45,No,Maternity,5,Female,50,1,Single,10
1140,1792202,45,No,Cardiology,26,Male,52,1,Married,10
1141,1428612,31,No,Cardiology,2,Male,54,1,Single,10
1142,1831818,36,No,Maternity,12,Female,76,3,Married,7
1143,1624104,34,No,Maternity,10,Male,42,4,Divorced,9
1144,1594457,49,No,Maternity,25,Female,84,1,Married,10
1145,1871083,39,No,Maternity,10,Male,76,1,Married,10
1146,1448152,27,No,Maternity,19,Male,67,1,Divorced,7
1147,1577752,35,No,Maternity,18,Male,48,1,Married,16
1148,1475967,28,No,Maternity,27,Female,39,1,Divorced,6
1149,1797790,21,No,Maternity,5,Male,97,4,Single,3
1150,1741354,18,Yes,Cardiology,3,Female,70,4,Single,0
1151,1665873,47,No,Neurology,26,Female,98,3,Married,27
1152,1604086,39,No,Maternity,3,Male,76,3,Divorced,11
1153,1687357,40,No,Maternity,15,Female,80,3,Married,18
1154,1645854,35,No,Maternity,8,Female,52,3,Married,15
1155,1693873,37,No,Maternity,19,Male,85,3,Married,9
1156,1032199,39,No,Neurology,4,Female,81,3,Single,10
1157,1646893,45,No,Neurology,2,Female,59,4,Divorced,10
1158,1641732,38,No,Neurology,2,Female,54,3,Married,10
1159,1626748,35,No,Cardiology,10,Male,55,1,Married,15
1160,1552731,37,No,Maternity,10,Female,71,2,Married,8
1161,1294986,40,No,Maternity,16,Female,84,4,Single,18
1162,1219188,44,No,Neurology,1,Male,37,4,Married,14
1163,1533221,48,No,Neurology,4,Male,89,4,Married,23
1164,1107055,35,Yes,Cardiology,15,Male,59,4,Divorced,7
1165,1644021,24,Yes,Maternity,2,Female,32,4,Single,6
1166,1236753,27,No,Maternity,8,Female,86,3,Married,5
1167,1731640,27,No,Maternity,2,Male,87,4,Single,6
1168,1883424,40,Yes,Maternity,7,Male,73,1,Single,10
1169,1202416,29,No,Cardiology,10,Male,42,3,Single,8
1170,1088912,36,No,Maternity,5,Female,42,1,Married,9
1171,1605956,25,No,Neurology,2,Male,77,3,Divorced,7
1172,1505937,39,No,Maternity,12,Male,66,2,Married,7
1173,1399370,49,No,Maternity,22,Female,72,2,Married,27
1174,1761884,50,No,Maternity,17,Female,50,1,Divorced,19
1175,1769167,20,No,Cardiology,2,Female,31,3,Single,2
1176,1547090,34,No,Maternity,3,Female,66,2,Divorced,11
1177,1246015,36,No,Maternity,7,Male,77,2,Single,15
1178,1254079,49,No,Maternity,6,Female,41,3,Married,30
1179,1860095,36,No,Neurology,1,Female,33,3,Married,4
1180,1602610,36,No,Maternity,3,Male,79,1,Divorced,13
1181,1364047,54,No,Neurology,22,Female,91,3,Married,36
1182,1872403,43,No,Maternity,15,Male,65,3,Married,14
1183,1705436,35,No,Cardiology,12,Male,36,4,Single,13
1184,1607161,38,No,Maternity,1,Male,90,4,Married,19
1185,1706059,29,No,Cardiology,5,Male,43,2,Divorced,10
1186,1574111,33,No,Cardiology,2,Male,93,4,Divorced,6
1187,1200755,32,No,Maternity,2,Male,45,2,Divorced,10
1188,1068460,31,No,Cardiology,5,Female,67,4,Married,10
1189,1796122,49,No,Maternity,16,Female,74,1,Divorced,17
1190,1728347,38,No,Maternity,2,Female,42,2,Single,4
1191,1817017,47,No,Cardiology,2,Female,47,2,Divorced,29
1192,1400072,49,No,Neurology,1,Male,36,3,Single,23
1193,1349913,41,No,Cardiology,23,Male,80,3,Single,21
1194,1119867,20,No,Cardiology,9,Male,54,1,Single,2
1195,1060815,33,No,Cardiology,16,Female,36,4,Divorced,7
1196,1097742,36,No,Maternity,26,Male,80,3,Married,10
1197,1711206,44,No,Neurology,1,Female,44,4,Divorced,8
1198,1082389,23,Yes,Maternity,8,Male,93,3,Single,5
1199,1588527,38,No,Maternity,4,Female,87,3,Married,7
1200,1590426,53,No,Maternity,24,Male,48,4,Married,11
1201,1425001,48,No,Cardiology,7,Female,95,3,Married,19
1202,1609527,32,No,Maternity,2,Male,95,2,Single,1
1203,1366639,26,No,Maternity,7,Male,76,4,Single,7
1204,1270535,55,No,Maternity,22,Male,94,2,Divorced,8
1205,1826482,34,No,Maternity,5,Male,57,4,Married,15
1206,1718662,60,No,Maternity,1,Male,92,4,Divorced,19
1207,1248055,33,No,Maternity,21,Male,79,2,Married,14
1208,1430170,37,No,Cardiology,1,Male,31,4,Divorced,6
1209,1830378,34,No,Maternity,19,Female,35,4,Married,10
1210,1810874,23,No,Cardiology,7,Male,99,4,Divorced,3
1211,1287552,44,No,Maternity,2,Female,96,4,Married,9
1212,1432173,35,No,Maternity,2,Male,79,4,Single,6
1213,1499458,43,No,Cardiology,2,Male,73,4,Married,10
1214,1622897,24,No,Maternity,9,Male,62,3,Married,5
1215,1374267,41,No,Cardiology,6,Male,35,3,Single,10
1216,1125172,29,No,Maternity,9,Female,43,3,Married,9
1217,1569964,36,No,Cardiology,2,Female,51,4,Single,17
1218,1689576,45,No,Maternity,1,Male,74,3,Married,25
1219,1297488,24,Yes,Neurology,22,Male,58,3,Married,1
1220,1675357,47,Yes,Cardiology,9,Male,82,3,Married,25
1221,1704363,26,No,Maternity,17,Male,62,3,Married,3
1222,1554897,45,No,Maternity,28,Female,48,2,Single,21
1223,1430466,32,No,Maternity,10,Male,56,3,Married,10
1224,1205920,31,No,Maternity,2,Male,69,3,Married,6
1225,1702718,41,No,Neurology,4,Male,60,2,Married,10
1226,1417199,40,No,Maternity,8,Female,92,1,Married,18
1227,1078051,24,No,Maternity,29,Male,91,1,Divorced,6
1228,1146326,46,No,Maternity,13,Male,34,2,Single,19
1229,1044017,35,No,Maternity,27,Male,49,3,Married,17
1230,1294406,30,No,Maternity,16,Male,33,4,Married,10
1231,1280706,47,No,Cardiology,2,Male,87,2,Married,4
1232,1488805,46,No,Cardiology,2,Male,74,4,Divorced,13
1233,1315940,36,No,Cardiology,13,Male,96,1,Divorced,16
1234,1878824,32,Yes,Cardiology,1,Male,34,2,Single,10
1235,1658260,23,No,Maternity,4,Female,51,2,Single,3
1236,1246363,31,No,Maternity,24,Female,30,4,Single,9
1237,1360469,39,No,Maternity,1,Male,77,4,Married,9
1238,1412303,32,No,Cardiology,19,Male,80,3,Married,10
1239,1360714,40,No,Cardiology,7,Male,88,2,Single,21
1240,1383815,45,No,Neurology,4,Female,56,3,Married,9
1241,1620383,30,No,Maternity,2,Female,78,1,Single,10
1242,1377529,24,No,Neurology,10,Male,59,4,Married,3
1243,1828538,30,Yes,Neurology,8,Female,66,4,Divorced,6
1244,1692811,31,No,Cardiology,5,Male,51,3,Married,6
1245,1030937,27,No,Maternity,8,Female,67,4,Single,6
1246,1838448,29,Yes,Cardiology,9,Female,52,2,Single,2
1247,1176037,29,No,Maternity,1,Male,70,3,Single,10
1248,1764157,30,No,Cardiology,15,Male,94,1,Divorced,12
1249,1483732,34,No,Maternity,2,Male,97,4,Married,6
1250,1059340,33,No,Cardiology,2,Female,62,2,Single,13
1251,1260966,49,No,Cardiology,11,Female,80,4,Single,8
1252,1196870,33,Yes,Cardiology,16,Female,74,1,Single,11
1253,1434954,38,No,Maternity,2,Female,75,2,Married,9
1254,1872248,31,Yes,Cardiology,16,Male,70,3,Married,10
1255,1498457,29,No,Maternity,4,Female,91,1,Divorced,1
1256,1322097,30,No,Maternity,16,Male,58,3,Married,10
1257,1400783,32,No,Maternity,5,Male,65,2,Single,12
1258,1511863,38,No,Maternity,18,Male,60,4,Married,15
1259,1581569,43,Yes,Maternity,17,Male,38,3,Married,6
1260,1628396,42,No,Maternity,12,Male,57,2,Divorced,7
1261,1715321,55,No,Maternity,2,Male,60,1,Married,34
1262,1541808,33,No,Maternity,4,Male,90,2,Divorced,11
1263,1479918,41,No,Maternity,9,Male,94,1,Divorced,5
1264,1404955,34,No,Cardiology,10,Male,87,3,Divorced,15
1265,1473417,53,No,Neurology,1,Female,60,3,Married,27
1266,1778124,43,No,Neurology,2,Male,97,4,Single,10
1267,1143717,34,No,Cardiology,3,Female,32,4,Single,6
1268,1193818,21,Yes,Cardiology,7,Male,31,2,Single,1
1269,1795187,38,No,Maternity,6,Female,40,3,Married,5
1270,1241701,22,Yes,Maternity,8,Female,79,1,Married,1
1271,1729178,31,No,Cardiology,29,Female,91,4,Married,13
1272,1612699,51,No,Neurology,3,Female,53,3,Married,15
1273,1880660,37,No,Cardiology,9,Male,46,2,Married,5
1274,1275366,46,No,Maternity,2,Male,46,4,Divorced,24
1275,1377582,36,No,Maternity,10,Male,90,1,Married,15
1276,1590795,44,No,Maternity,1,Male,99,2,Divorced,6
1277,1554560,37,No,Neurology,8,Male,89,2,Divorced,19
1278,1563500,35,Yes,Cardiology,27,Male,84,4,Single,10
1279,1287606,33,No,Maternity,8,Male,90,1,Married,14
1280,1395052,28,No,Maternity,1,Male,82,4,Married,5
1281,1692699,39,No,Maternity,10,Male,65,3,Single,9
1282,1691971,46,No,Cardiology,26,Male,98,2,Single,6
1283,1048578,40,No,Maternity,2,Female,99,1,Married,7
1284,1874111,42,No,Maternity,13,Male,95,1,Married,10
1285,1083173,35,No,Cardiology,2,Male,90,4,Divorced,15
1286,1819347,38,No,Neurology,2,Male,100,2,Divorced,13
1287,1645963,34,No,Neurology,9,Male,93,1,Married,11
1288,1174838,37,No,Cardiology,10,Male,58,1,Single,10
1289,1751502,39,No,Cardiology,20,Male,83,4,Divorced,7
1290,1117560,43,No,Neurology,9,Male,52,3,Single,7
1291,1206981,41,No,Neurology,5,Male,85,2,Single,11
1292,1711876,41,No,Cardiology,4,Female,81,3,Divorced,23
1293,1366196,30,No,Cardiology,10,Female,64,3,Single,9
1294,1347924,26,No,Neurology,20,Female,69,2,Married,6
1295,1140520,46,No,Neurology,21,Female,66,2,Married,13
1296,1187455,40,No,Neurology,1,Female,52,4,Divorced,12
1297,1645498,34,No,Cardiology,8,Male,92,3,Married,10
1298,1382530,58,No,Cardiology,2,Male,52,2,Divorced,37
1299,1682292,35,No,Neurology,23,Male,91,3,Married,6
1300,1602874,47,No,Cardiology,4,Female,92,2,Divorced,28
1301,1154770,40,No,Neurology,12,Female,47,1,Divorced,15
1302,1051875,54,No,Neurology,7,Female,68,4,Married,14
1303,1834180,31,No,Cardiology,7,Female,68,1,Married,9
1304,1564192,28,No,Neurology,1,Female,67,1,Married,3
1305,1802154,38,No,Cardiology,2,Female,77,4,Married,20
1306,1207662,26,No,Cardiology,10,Male,46,4,Single,5
1307,1072716,58,No,Neurology,15,Male,87,3,Married,23
1308,1086016,18,Yes,Neurology,14,Female,33,3,Single,0
1309,1552861,31,No,Neurology,18,Male,89,1,Married,2
1310,1235468,29,Yes,Neurology,13,Male,56,1,Divorced,4
1311,1281331,45,No,Cardiology,2,Female,67,3,Married,10
1312,1220488,36,No,Neurology,2,Female,73,2,Married,15
1313,1113271,43,No,Cardiology,2,Male,92,4,Married,7
1314,1152978,27,No,Neurology,5,Female,53,4,Single,6
1315,1871070,29,No,Neurology,20,Male,40,4,Married,11
1316,1687721,32,No,Cardiology,10,Male,79,4,Single,4
1317,1031664,42,No,Neurology,10,Male,38,3,Married,10
1318,1402268,47,No,Neurology,9,Female,64,3,Single,7
1319,1601963,46,No,Cardiology,2,Male,82,4,Divorced,12
1320,1777794,28,No,Neurology,1,Male,43,4,Divorced,3
1321,1510809,29,No,Neurology,29,Male,93,3,Divorced,11
1322,1676403,42,No,Neurology,8,Male,81,3,Single,8
1323,1458226,32,Yes,Cardiology,2,Male,82,2,Single,7
1324,1442296,46,No,Cardiology,3,Female,45,1,Divorced,25
1325,1469297,27,No,Cardiology,23,Female,36,3,Married,9
1326,1701157,29,No,Neurology,6,Male,87,2,Married,1
1327,1141899,43,No,Neurology,6,Female,81,3,Married,21
1328,1866815,48,No,Neurology,10,Male,91,2,Married,29
1329,1329673,29,Yes,Neurology,24,Male,73,4,Single,1
1330,1775838,46,No,Cardiology,10,Female,64,2,Married,14
1331,1575047,27,No,Neurology,15,Female,77,1,Married,8
1332,1049997,39,No,Neurology,19,Male,41,4,Divorced,7
1333,1766213,55,No,Neurology,2,Male,98,4,Married,19
1334,1544113,28,No,Cardiology,3,Female,78,2,Married,1
1335,1609966,30,Yes,Cardiology,9,Male,89,4,Single,1
1336,1242148,22,Yes,Neurology,7,Male,75,2,Single,1
1337,1494882,36,No,Cardiology,10,Female,63,3,Married,10
1338,1450163,31,No,Neurology,20,Male,89,3,Divorced,10
1339,1104040,34,No,Cardiology,4,Male,64,4,Married,9
1340,1879233,29,No,Neurology,7,Male,59,1,Single,11
1341,1878518,37,No,Neurology,7,Male,78,1,Married,16
1342,1694441,35,No,Cardiology,16,Female,44,2,Married,4
1343,1608760,45,No,Cardiology,25,Female,93,4,Married,10
1344,1357691,36,No,Neurology,2,Male,94,4,Single,10
1345,1551391,40,No,Neurology,1,Male,98,1,Divorced,22
1346,1419575,26,No,Neurology,1,Female,90,3,Married,1
1347,1620257,48,No,Neurology,22,Female,58,4,Divorced,24
1348,1662166,44,No,Neurology,1,Male,78,1,Married,10
1349,1738269,34,Yes,Neurology,16,Male,85,1,Married,5
1350,1557030,56,Yes,Neurology,24,Male,97,4,Single,5
1351,1153641,36,No,Cardiology,17,Male,33,2,Married,12
1352,1448030,41,No,Cardiology,8,Female,54,2,Married,14
1353,1804573,42,No,Neurology,6,Male,83,1,Married,18
1354,1058985,31,No,Cardiology,10,Female,86,4,Divorced,8
1355,1674974,34,No,Cardiology,3,Female,75,4,Married,9
1356,1408618,31,No,Neurology,4,Female,62,3,Divorced,4
1357,1670932,26,No,Neurology,6,Male,61,4,Married,8
1358,1808720,45,No,Neurology,1,Male,44,3,Single,12
1359,1228157,33,No,Cardiology,10,Male,43,3,Single,10
1360,1355281,28,No,Cardiology,1,Male,42,4,Married,7
1361,1745305,29,Yes,Cardiology,24,Male,45,1,Single,1
1362,1048077,39,No,Cardiology,21,Female,32,3,Married,10
1363,1616851,27,No,Neurology,2,Male,41,2,Married,6
1364,1700476,34,No,Neurology,22,Male,86,4,Married,16
1365,1603368,28,Yes,Cardiology,13,Female,84,3,Single,6
1366,1775902,47,No,Neurology,14,Male,64,2,Married,16
1367,1871585,56,No,Cardiology,11,Female,89,1,Married,6
1368,1606461,39,No,Cardiology,9,Male,87,1,Married,10
1369,1236472,38,No,Neurology,8,Female,58,2,Divorced,20
1370,1058946,58,No,Cardiology,21,Female,72,4,Married,29
1371,1683886,32,Yes,Neurology,5,Female,47,3,Single,8
1372,1211751,38,No,Neurology,9,Male,71,4,Divorced,10
1373,1445440,49,No,Neurology,2,Male,42,4,Married,28
1374,1654667,42,No,Cardiology,12,Male,77,4,Divorced,14
1375,1265759,27,Yes,Neurology,22,Female,58,2,Married,1
1376,1842922,35,No,Cardiology,18,Male,71,1,Married,6
1377,1884938,28,No,Neurology,16,Male,49,3,Single,5
1378,1252735,31,No,Neurology,3,Male,48,1,Divorced,4
1379,1201616,36,No,Neurology,9,Male,66,2,Married,5
1380,1050457,34,No,Cardiology,1,Male,32,4,Single,14
1381,1637651,34,No,Cardiology,13,Male,39,3,Divorced,9
1382,1079566,26,No,Neurology,1,Male,95,1,Single,8
1383,1332348,29,No,Neurology,1,Male,89,1,Married,6
1384,1051695,32,No,Neurology,15,Female,34,4,Divorced,9
1385,1154444,31,No,Neurology,1,Male,48,1,Married,10
1386,1650983,28,No,Neurology,17,Male,32,4,Divorced,6
1387,1130703,38,No,Cardiology,1,Male,59,1,Single,20
1388,1817679,35,No,Cardiology,7,Female,55,4,Married,10
1389,1092771,27,No,Cardiology,9,Male,44,4,Single,7
1390,1356134,32,No,Cardiology,5,Male,56,4,Single,8
1391,1370524,31,Yes,Cardiology,26,Male,63,4,Married,10
1392,1232169,53,Yes,Cardiology,24,Male,66,1,Single,15
1393,1392392,54,No,Neurology,9,Female,67,3,Married,9
1394,1309342,33,No,Neurology,7,Male,36,3,Divorced,9
1395,1531422,43,No,Neurology,11,Male,30,3,Married,10
1396,1126582,38,No,Neurology,1,Male,88,2,Married,7
1397,1316742,55,No,Neurology,26,Male,71,2,Married,35
1398,1789942,31,No,Neurology,2,Female,59,4,Divorced,1
1399,1583381,39,No,Cardiology,15,Male,77,1,Single,21
1400,1275198,42,No,Neurology,23,Male,37,3,Single,20
1401,1378502,31,No,Neurology,10,Female,40,3,Married,13
1402,1553116,54,No,Cardiology,10,Female,77,1,Single,9
1403,1150538,24,No,Neurology,1,Male,45,3,Single,4
1404,1553133,23,No,Neurology,12,Male,78,4,Single,5
1405,1113801,40,No,Neurology,11,Female,73,3,Married,10
1406,1365691,40,No,Cardiology,2,Female,92,2,Married,15
1407,1825860,25,No,Neurology,2,Female,82,2,Married,6
1408,1820725,30,No,Neurology,1,Male,76,2,Married,12
1409,1515102,25,No,Neurology,2,Male,57,3,Divorced,7
1410,1811717,47,No,Neurology,25,Male,84,3,Single,25
1411,1863212,33,No,Neurology,1,Male,59,3,Divorced,1
1412,1677775,38,No,Cardiology,1,Male,86,2,Married,16
1413,1593793,31,No,Cardiology,2,Male,54,3,Married,3
1414,1373830,38,No,Cardiology,6,Male,72,3,Married,10
1415,1125914,42,No,Neurology,18,Male,35,1,Divorced,9
1416,1519296,41,No,Neurology,1,Male,76,4,Married,12
1417,1491934,47,No,Neurology,1,Female,98,2,Married,14
1418,1181842,35,No,Neurology,11,Male,43,3,Married,5
1419,1221662,22,No,Neurology,1,Male,63,3,Single,4
1420,1725778,35,No,Neurology,9,Male,48,3,Single,10
1421,1301790,33,No,Neurology,15,Female,95,4,Married,10
1422,1399338,32,No,Neurology,29,Female,49,2,Single,6
1423,1789008,40,No,Neurology,1,Male,83,4,Married,8
1424,1190766,32,No,Cardiology,1,Male,68,2,Married,3
1425,1491312,39,No,Neurology,24,Male,52,4,Single,18
1426,1708743,38,No,Neurology,10,Female,99,3,Married,20
1427,1435710,32,No,Cardiology,1,Female,48,4,Married,14
1428,1332625,37,No,Neurology,10,Female,42,4,Married,16
1429,1818407,25,No,Cardiology,8,Female,85,3,Divorced,6
1430,1251101,52,No,Cardiology,29,Male,40,4,Divorced,16
1431,1433529,44,No,Neurology,1,Male,42,4,Single,6
1432,1859445,21,Yes,Cardiology,5,Male,58,1,Single,2
1433,1104512,39,No,Neurology,9,Male,87,4,Single,21
1434,1782969,23,Yes,Cardiology,9,Male,33,1,Married,1
1435,1628827,36,No,Cardiology,3,Female,94,4,Married,10
1436,1224144,36,No,Cardiology,4,Female,97,2,Divorced,18
1437,1284416,56,No,Neurology,1,Male,57,3,Divorced,13
1438,1191013,29,Yes,Neurology,1,Male,36,4,Married,4
1439,1061493,42,No,Neurology,2,Male,56,3,Married,24
1440,1197297,56,No,Neurology,7,Male,72,3,Married,14
1441,1065630,41,No,Cardiology,28,Female,60,2,Married,21
1442,1173552,34,No,Cardiology,28,Female,95,3,Married,8
1443,1277240,36,No,Cardiology,15,Male,88,4,Divorced,15
1444,1520108,41,No,Cardiology,3,Male,57,2,Divorced,14
1445,1707431,32,No,Neurology,2,Male,78,1,Single,4
1446,1246075,35,No,Neurology,26,Female,31,4,Single,9
1447,1665956,38,No,Cardiology,10,Female,100,4,Married,10
1448,1468963,50,No,Cardiology,1,Male,94,3,Divorced,12
1449,1457695,36,No,Cardiology,11,Female,100,4,Married,8
1450,1043685,45,No,Cardiology,20,Female,50,3,Single,8
1451,1336668,40,No,Neurology,2,Male,52,3,Single,8
1452,1044917,35,No,Neurology,18,Male,80,3,Married,10
1453,1758264,40,No,Neurology,2,Female,98,3,Married,20
1454,1175359,35,No,Neurology,1,Female,62,4,Married,4
1455,1640979,29,No,Neurology,13,Male,46,2,Married,10
1456,1321040,29,No,Neurology,28,Female,73,1,Single,5
1457,1293237,50,Yes,Cardiology,28,Male,39,1,Divorced,20
1458,1715801,39,No,Cardiology,24,Female,60,4,Married,21
1459,1626443,31,No,Cardiology,5,Male,74,1,Single,10
1460,1787925,26,No,Cardiology,5,Female,30,3,Single,5
1461,1444959,36,No,Neurology,23,Male,41,4,Married,17
1462,1196529,39,No,Neurology,6,Male,42,1,Married,9
1463,1417927,27,No,Cardiology,4,Male,87,2,Married,6
1464,1322645,49,No,Cardiology,2,Male,63,2,Married,17
1465,1879510,34,No,Neurology,8,Male,82,3,Married,6
1466,1345828,37,No,Maternity,1,Male,51,3,Divorced,7
1467,1837461,40,No,Cardiology,2,Female,79,3,Married,21
1468,1720201,45,No,Maternity,2,Female,59,4,Divorced,10
1469,1566303,39,No,Maternity,1,Female,65,4,Married,21
1470,1108233,56,No,Maternity,1,Male,57,3,Divorced,13
1471,1548714,49,No,Maternity,7,Male,35,2,Divorced,29
1472,1823206,36,No,Maternity,5,Female,42,1,Married,9
1473,1464646,38,No,Maternity,1,Male,90,4,Married,19
1474,1118938,53,No,Maternity,2,Female,78,4,Married,34
1475,1266767,36,No,Cardiology,8,Male,84,4,Divorced,12
1476,1432515,40,No,Maternity,2,Female,38,2,Married,8
1477,1440199,24,No,Maternity,17,Female,41,3,Divorced,5
1478,1449468,41,No,Neurology,1,Male,59,3,Married,22
1479,1308741,32,No,Neurology,3,Female,39,4,Single,10
1480,1117655,54,No,Neurology,3,Male,85,4,Married,36
1481,1439166,40,No,Cardiology,2,Female,92,2,Married,15
1482,1141471,43,No,Neurology,15,Male,65,3,Married,14
1483,1731320,35,No,Maternity,2,Male,44,2,Divorced,15
1484,1697463,58,No,Maternity,5,Female,37,2,Divorced,24
1485,1540491,32,No,Maternity,1,Male,62,1,Married,9
1486,1034607,27,No,Maternity,1,Female,68,1,Married,9
1487,1123123,29,No,Maternity,7,Male,82,4,Divorced,6
1488,1380232,47,No,Cardiology,2,Female,47,2,Divorced,29
1489,1345928,44,No,Cardiology,5,Male,88,2,Married,26
1490,1165218,52,No,Maternity,19,Male,41,4,Married,5
1491,1194754,41,No,Cardiology,3,Male,57,2,Divorced,14
1492,1162618,34,No,Maternity,1,Male,42,4,Married,10
1493,1661522,39,No,Maternity,1,Male,52,3,Divorced,21
1494,1469038,42,No,Maternity,29,Male,98,2,Married,10
1495,1026975,50,No,Cardiology,1,Female,68,4,Divorced,32
1496,1267061,46,No,Maternity,7,Female,30,3,Married,7
1497,1184336,45,No,Maternity,10,Male,69,4,Married,8
1498,1852420,31,No,Cardiology,5,Female,67,4,Married,10
1499,1622092,29,No,Maternity,21,Female,51,1,Divorced,10
1500,1870096,41,No,Cardiology,1,Male,49,1,Married,10
1501,1288694,38,No,Cardiology,10,Female,100,4,Married,10
1502,1354174,53,No,Cardiology,2,Female,78,4,Married,31
1503,1121812,35,No,Cardiology,11,Male,54,4,Divorced,5
1504,1688790,49,No,Maternity,6,Female,41,3,Married,30
1505,1847082,40,No,Maternity,8,Female,92,1,Married,18
1506,1137940,46,No,Cardiology,3,Female,45,1,Divorced,25
1507,1531743,58,No,Neurology,1,Female,76,1,Married,32
1508,1156488,48,No,Maternity,4,Male,89,4,Married,23
1509,1578755,29,No,Maternity,1,Female,97,4,Divorced,3
1510,1333885,31,No,Neurology,7,Male,48,4,Divorced,10
1511,1258908,38,No,Maternity,3,Male,44,3,Married,8
1512,1245218,29,No,Maternity,1,Male,89,1,Married,6
1513,1730370,36,No,Maternity,7,Male,65,4,Single,8
1514,1577435,42,No,Maternity,2,Male,35,1,Married,23
1515,1151756,25,No,Cardiology,8,Male,57,2,Married,4
1516,1045493,48,No,Neurology,1,Male,76,4,Single,25
1517,1570909,38,No,Maternity,6,Male,72,3,Married,10
1518,1509347,43,No,Maternity,8,Female,74,3,Divorced,8
1519,1217582,53,No,Neurology,3,Male,45,3,Married,21
1520,1110329,54,No,Neurology,5,Male,86,1,Married,24
1521,1044146,47,No,Maternity,25,Male,84,3,Single,25
1522,1865209,31,No,Maternity,7,Female,31,1,Married,13
1523,1548274,23,No,Maternity,26,Male,83,4,Divorced,4
1524,1268816,40,No,Maternity,2,Female,89,3,Divorced,15
1525,1084927,32,No,Cardiology,1,Female,48,4,Married,14
1526,1496230,26,No,Cardiology,1,Male,57,3,Married,8
1527,1872979,28,No,Neurology,1,Male,43,4,Divorced,3
1528,1123429,29,No,Maternity,19,Male,34,4,Divorced,8
1529,1563219,22,No,Maternity,1,Male,63,3,Single,4
1530,1252790,37,No,Maternity,13,Male,47,4,Married,10
1531,1720230,43,No,Cardiology,16,Female,80,4,Married,22
1532,1028734,39,No,Maternity,2,Female,64,3,Single,20
1533,1365509,33,No,Cardiology,1,Female,42,1,Married,10
1534,1825987,34,No,Maternity,2,Female,86,1,Single,6
1535,1269351,39,No,Neurology,8,Female,48,3,Married,8
1536,1495147,31,No,Cardiology,2,Male,54,3,Married,3
1537,1209865,48,No,Cardiology,2,Female,37,4,Married,14
1538,1138945,53,No,Neurology,23,Female,72,4,Single,33
1539,1310619,28,No,Cardiology,4,Male,43,3,Married,5
1540,1225300,45,No,Maternity,2,Male,65,4,Married,22
1541,1885928,29,No,Maternity,8,Male,79,4,Married,10
1542,1213922,34,No,Cardiology,28,Female,95,3,Married,8
1543,1211512,27,No,Neurology,5,Male,42,4,Divorced,9
1544,1159699,30,No,Maternity,5,Female,84,1,Divorced,8
1545,1677368,34,No,Maternity,19,Female,35,4,Married,10
1546,1030882,31,No,Maternity,26,Male,31,3,Divorced,5
1547,1597825,27,No,Cardiology,8,Male,84,4,Married,5
1548,1822734,38,No,Cardiology,16,Female,90,2,Single,8
1549,1237678,27,No,Cardiology,3,Female,71,4,Divorced,6
1550,1178700,55,No,Maternity,2,Male,40,1,Single,31
1551,1854050,52,No,Maternity,3,Male,39,3,Married,28
1552,1833939,35,No,Maternity,16,Female,91,2,Single,11
1553,1822695,53,No,Neurology,6,Male,86,4,Single,19
1554,1252779,43,No,Neurology,10,Female,82,3,Divorced,9
1555,1831971,27,No,Cardiology,2,Male,85,1,Divorced,5
1556,1473219,38,No,Neurology,2,Female,75,2,Married,9
1557,1178469,36,No,Cardiology,7,Female,83,1,Married,17
1558,1075883,46,No,Cardiology,10,Female,94,4,Married,15
1559,1853111,51,No,Neurology,6,Male,51,3,Single,23
1560,1455592,27,No,Cardiology,9,Male,44,4,Single,7
1561,1440762,30,No,Neurology,6,Female,48,4,Married,10
1562,1581448,28,No,Cardiology,5,Male,98,4,Single,4
1563,1085909,36,No,Neurology,23,Male,41,4,Married,17
1564,1213892,31,No,Cardiology,20,Female,45,3,Married,9
1565,1461811,37,No,Cardiology,16,Male,66,3,Divorced,9
1566,1501908,35,No,Maternity,16,Male,72,3,Married,10
1567,1065186,49,No,Maternity,4,Male,85,3,Married,23
1568,1382014,49,No,Neurology,25,Female,84,1,Married,10
1569,1850673,42,No,Neurology,9,Female,74,4,Single,12
1570,1239516,31,No,Maternity,11,Male,80,1,Married,6
1571,1290256,30,No,Neurology,2,Male,35,4,Single,6
1572,1239491,35,No,Cardiology,1,Male,85,3,Married,15
1573,1822238,28,No,Maternity,10,Female,59,3,Single,10
1574,1220579,39,No,Maternity,23,Male,93,1,Single,6
1575,1143606,48,No,Cardiology,2,Male,56,2,Married,12
1576,1200749,34,No,Neurology,1,Female,86,2,Married,7
1577,1633070,55,No,Maternity,2,Female,58,3,Married,23
1578,1066528,38,No,Neurology,2,Male,100,2,Divorced,13
1579,1157111,37,No,Cardiology,10,Female,88,4,Divorced,8
1580,1792052,29,No,Maternity,15,Male,60,4,Single,6
1581,1676128,35,No,Neurology,3,Male,41,3,Married,1
1582,1148181,33,No,Cardiology,25,Female,82,3,Married,10
1583,1844032,36,No,Cardiology,2,Female,51,4,Single,17
1584,1146009,23,No,Maternity,10,Male,45,3,Married,4
1585,1090887,32,No,Neurology,2,Male,79,4,Single,8
1586,1709085,36,No,Cardiology,1,Female,73,3,Single,15
1587,1767733,42,No,Maternity,2,Male,40,4,Married,24
1588,1790839,55,No,Maternity,18,Male,62,2,Married,17
1589,1629597,35,No,Maternity,6,Male,66,3,Married,4
1590,1209768,40,No,Neurology,11,Female,73,3,Married,10
1591,1037474,28,No,Maternity,24,Male,72,1,Single,10
1592,1110876,37,No,Maternity,10,Male,61,3,Divorced,17
1593,1302685,40,No,Neurology,6,Male,38,4,Single,21
1594,1638565,28,No,Maternity,21,Male,42,4,Married,5
1595,1075989,28,No,Neurology,1,Female,55,4,Married,10
1596,1440066,29,No,Neurology,9,Female,43,3,Married,9
1597,1432464,36,No,Neurology,18,Male,81,4,Married,4
1598,1051013,35,No,Maternity,6,Male,82,4,Single,17
1599,1800484,42,No,Neurology,5,Male,97,3,Married,8
1600,1553672,47,No,Maternity,29,Male,88,2,Married,10
1601,1619511,31,No,Maternity,11,Male,48,4,Married,8
1602,1575266,46,No,Neurology,1,Female,44,1,Single,10
1603,1087770,45,No,Cardiology,9,Male,74,1,Divorced,18
1604,1456073,38,No,Maternity,29,Male,70,1,Married,17
1605,1637476,34,No,Neurology,9,Female,52,3,Married,2
1606,1475807,46,No,Cardiology,1,Female,92,1,Divorced,24
1607,1085062,35,No,Maternity,23,Male,50,3,Married,8
1608,1640372,32,No,Maternity,10,Male,56,3,Married,10
1609,1309511,36,No,Neurology,6,Male,80,1,Married,9
1610,1220459,49,No,Neurology,10,Female,35,1,Single,22
1611,1048015,36,No,Neurology,7,Male,77,2,Single,15
1612,1659102,43,No,Maternity,28,Female,72,3,Single,18
1613,1857447,27,No,Neurology,8,Male,87,3,Married,3
1614,1586182,52,No,Cardiology,29,Male,40,4,Divorced,16
1615,1585668,58,No,Maternity,7,Female,53,1,Married,31
1616,1522053,53,No,Cardiology,7,Female,78,4,Married,35
1617,1685220,36,No,Cardiology,13,Male,96,1,Divorced,16
1618,1249536,25,No,Cardiology,4,Male,87,1,Married,5
1619,1104176,29,No,Maternity,23,Male,54,4,Single,6
1620,1602545,27,No,Neurology,2,Female,33,1,Divorced,1
1621,1433107,28,No,Maternity,1,Male,72,3,Divorced,1
1622,1232119,27,No,Maternity,9,Male,57,2,Divorced,6
1623,1876599,29,No,Cardiology,10,Female,39,2,Divorced,7
1624,1389456,24,No,Neurology,10,Male,59,4,Married,3
1625,1197555,38,No,Maternity,3,Female,32,3,Single,19
1626,1285943,50,No,Neurology,28,Male,74,3,Married,20
1627,1108108,29,No,Neurology,20,Male,40,4,Married,11
1628,1215433,25,No,Cardiology,13,Male,40,3,Married,7
1629,1565509,32,No,Neurology,29,Female,69,3,Single,10
1630,1845170,24,No,Cardiology,24,Male,38,4,Married,3
1631,1188199,33,No,Cardiology,16,Female,69,1,Single,6
1632,1548215,37,No,Maternity,21,Male,65,1,Married,8
1633,1698428,27,No,Maternity,7,Female,55,1,Single,9
1634,1389834,44,No,Cardiology,1,Female,79,3,Married,11
1635,1533883,38,No,Cardiology,2,Female,77,4,Married,20
1636,1746047,36,No,Maternity,9,Male,79,3,Married,2
1637,1431094,26,No,Maternity,4,Male,53,4,Single,8
1638,1173245,31,No,Cardiology,5,Female,84,2,Divorced,2
1639,1309082,29,No,Neurology,6,Male,87,2,Married,1
1640,1545418,35,No,Neurology,22,Male,46,3,Single,6
1641,1655170,47,No,Cardiology,3,Female,49,3,Divorced,28
1642,1293281,20,No,Cardiology,2,Female,49,3,Single,2
1643,1031059,42,No,Maternity,17,Female,82,1,Single,10
1644,1505419,50,No,Cardiology,28,Male,39,1,Divorced,20
1645,1222421,32,No,Cardiology,19,Male,80,3,Married,10
1646,1620322,26,No,Neurology,21,Male,37,3,Divorced,1
1647,1474227,25,No,Cardiology,9,Male,68,1,Married,6
1648,1101293,44,No,Neurology,24,Male,49,3,Single,9
1649,1327800,34,No,Cardiology,14,Female,31,3,Divorced,8
1650,1162185,28,Yes,Maternity,6,Male,39,3,Divorced,3
1651,1168729,19,Yes,Neurology,2,Male,47,4,Single,1
1652,1544044,31,Yes,Cardiology,26,Male,63,4,Married,10
1653,1114030,37,Yes,Cardiology,19,Male,32,2,Single,10
1654,1751929,22,Yes,Maternity,3,Male,48,4,Married,1
1655,1267282,31,Yes,Maternity,8,Female,34,2,Single,1
1656,1855095,27,Yes,Neurology,5,Female,53,4,Single,6
1657,1837772,26,Yes,Cardiology,23,Female,47,4,Married,5
1658,1704323,29,Yes,Cardiology,1,Female,48,3,Divorced,5
1659,1622091,26,Yes,Cardiology,29,Male,79,1,Single,7
1660,1734708,31,Yes,Cardiology,1,Female,54,2,Single,3
1661,1747750,29,Yes,Maternity,15,Female,69,4,Married,6
1662,1341748,26,Yes,Neurology,17,Female,58,3,Divorced,8
1663,1415325,23,Yes,Neurology,6,Male,63,1,Married,1
1664,1663404,34,Yes,Cardiology,24,Female,40,2,Single,16
1665,1549806,21,Yes,Neurology,10,Female,45,3,Single,2
1666,1874133,31,Yes,Neurology,2,Female,59,4,Divorced,1
1667,1175959,28,Yes,Neurology,24,Male,51,2,Married,1
1668,1655666,20,Yes,Neurology,6,Female,66,4,Single,1
1669,1602218,33,Yes,Maternity,25,Male,55,2,Single,5
1670,1336016,28,Yes,Maternity,1,Female,67,2,Single,10
1671,1117656,26,Yes,Neurology,24,Male,66,4,Single,1
1672,1152327,46,No,Cardiology,10,Female,94,4,Married,15
1673,1812428,20,No,Maternity,1,Female,83,2,Single,1
1674,1812429,39,No,Neurology,1,Female,65,4,Married,21
1675,1152329,27,No,Cardiology,2,Female,89,3,Single,9
