EmployeeID,Age,Attrition,Department,DistanceFromHome,Gender,HourlyRate,JobSatisfaction,MaritalStatus,TotalWorkingYears
1313919,41,No,Cardiology,1,Female,94,4,Single,8
1200302,49,No,Maternity,8,Male,61,2,Married,10
1060315,37,Yes,Maternity,2,Male,92,3,Single,7
1272912,33,No,Maternity,3,Female,56,3,Married,8
1414939,27,No,Maternity,2,Male,40,2,Married,6
1633361,32,No,Maternity,2,Male,79,4,Single,8
1329390,59,No,Maternity,3,Female,81,1,Married,12
1699288,30,No,Maternity,24,Male,67,3,Divorced,1
1469740,38,No,Maternity,23,Male,44,3,Single,10
1101291,36,No,Maternity,27,Male,94,3,Married,17
1430504,35,No,Maternity,16,Male,84,2,Married,6
1196281,29,No,Maternity,15,Female,49,3,Single,10
1207951,31,No,Maternity,26,Male,31,3,Divorced,5
1080660,34,No,Maternity,19,Male,93,4,Divorced,3
1420391,28,Yes,Maternity,24,Male,50,3,Single,6
1337254,29,No,Maternity,21,Female,51,1,Divorced,10
1421335,32,No,Maternity,5,Male,80,2,Divorced,7
1262683,22,No,Maternity,16,Male,96,4,Divorced,1
1599218,53,No,Cardiology,2,Female,78,4,Married,31
1634788,38,No,Maternity,2,Male,45,4,Single,6
1334559,24,No,Maternity,11,Female,96,3,Divorced,5
1402945,36,No,Cardiology,9,Male,82,1,Single,10
1705718,34,No,Neurology,7,Female,53,2,Single,13
1880078,21,No,Maternity,15,Male,96,4,Single,0
1801346,34,No,Maternity,6,Male,83,1,Single,8
1142160,53,No,Neurology,5,Female,58,3,Divorced,26
1142062,32,Yes,Maternity,16,Female,72,1,Single,10
1789756,42,No,Cardiology,8,Male,48,2,Married,10
1126009,44,No,Maternity,7,Female,42,4,Married,24
1552176,46,No,Cardiology,2,Female,83,1,Single,22
1118605,33,No,Maternity,2,Male,78,4,Single,7
1397325,44,No,Maternity,10,Male,41,4,Married,9
1874834,30,No,Maternity,9,Male,83,3,Single,10
1275746,39,No,Cardiology,5,Male,56,4,Married,19
1884939,24,Yes,Maternity,1,Male,61,4,Married,6
1650304,43,No,Maternity,2,Female,72,3,Divorced,6
1058169,50,Yes,Cardiology,3,Male,86,3,Married,3
1319183,35,No,Cardiology,2,Female,97,4,Married,2
1872551,36,No,Maternity,5,Female,82,1,Married,6
1060693,33,No,Cardiology,1,Female,42,1,Married,10
1110390,35,No,Maternity,4,Male,75,4,Divorced,1
1448895,27,No,Maternity,2,Female,33,1,Divorced,1
1547220,26,Yes,Maternity,25,Male,48,3,Single,1
1680993,27,No,Cardiology,8,Male,37,3,Single,9
1100187,30,No,Maternity,1,Female,58,4,Single,12
1881631,41,No,Neurology,12,Female,49,3,Married,23
1622068,34,No,Cardiology,23,Male,72,3,Single,10
1336903,37,No,Maternity,19,Male,73,2,Married,8
1126243,46,No,Cardiology,5,Male,98,4,Single,14
1053707,35,No,Maternity,8,Male,36,4,Married,1
1708688,48,Yes,Maternity,1,Male,98,3,Single,23
1208582,28,Yes,Maternity,5,Male,50,3,Single,2
1127416,44,No,Cardiology,1,Female,75,1,Divorced,9
1710090,35,No,Maternity,11,Male,79,1,Married,10
1146606,26,Yes,Cardiology,23,Female,47,4,Married,5
1674685,33,No,Neurology,1,Female,98,4,Single,15
1477077,35,No,Cardiology,18,Male,71,1,Married,9
1269275,35,No,Maternity,23,Female,30,1,Married,4
1620694,31,No,Maternity,7,Male,48,4,Divorced,10
1618486,37,No,Neurology,1,Male,51,3,Divorced,7
1208054,32,No,Neurology,1,Male,33,4,Married,9
1545352,38,No,Maternity,29,Female,50,4,Single,10
1665908,50,No,Neurology,7,Female,43,3,Divorced,29
1312106,59,No,Cardiology,25,Female,99,1,Single,28
1391215,36,No,Maternity,8,Female,59,3,Divorced,17
1677994,55,No,Neurology,8,Female,33,3,Divorced,21
1216003,36,No,Maternity,11,Male,95,2,Single,6
1503437,45,No,Maternity,7,Male,59,1,Divorced,25
1381585,35,No,Maternity,1,Male,79,1,Married,5
1312369,36,Yes,Maternity,9,Male,79,3,Married,2
1576355,59,No,Cardiology,1,Female,57,3,Single,20
1659485,29,No,Maternity,2,Male,76,2,Married,6
1530200,31,No,Maternity,1,Male,87,2,Single,1
1773482,32,No,Maternity,1,Male,66,2,Married,10
1188108,36,No,Maternity,6,Female,55,4,Married,5
1471418,31,No,Cardiology,8,Female,61,4,Single,11
1081842,35,No,Cardiology,1,Male,32,1,Single,16
1146021,45,No,Neurology,6,Male,52,1,Married,17
1880248,37,No,Neurology,7,Male,30,3,Single,16
1267807,46,No,Neurology,5,Male,80,2,Divorced,16
1247348,30,No,Maternity,1,Male,55,4,Married,10
1886039,35,No,Maternity,1,Male,30,3,Single,6
1134060,55,No,Cardiology,1,Male,70,4,Married,24
1403326,38,No,Maternity,6,Female,79,4,Divorced,17
1689558,34,No,Neurology,1,Male,94,2,Married,5
1122798,56,No,Neurology,7,Male,49,4,Single,37
1477348,23,No,Cardiology,2,Male,62,1,Divorced,3
1061371,51,No,Maternity,9,Male,96,4,Married,10
1535342,30,No,Maternity,2,Male,99,4,Married,11
1386780,46,No,Cardiology,9,Male,64,4,Single,9
1254775,40,No,Maternity,1,Male,78,2,Married,22
1818921,51,No,Cardiology,21,Male,71,4,Single,11
1848882,30,No,Cardiology,4,Female,63,2,Divorced,11
1537412,46,No,Maternity,1,Male,40,1,Married,21
1231380,32,No,Cardiology,6,Male,87,3,Single,12
1293078,54,No,Neurology,2,Female,60,3,Married,16
1026798,24,No,Cardiology,3,Female,33,3,Married,4
1500402,28,No,Cardiology,4,Male,43,3,Married,5
1514098,58,No,Cardiology,10,Male,37,3,Single,38
1487216,44,No,Maternity,23,Male,67,2,Married,17
1843825,37,Yes,Neurology,6,Male,63,1,Divorced,7
1635251,32,No,Maternity,1,Male,71,1,Single,1
1088304,20,Yes,Maternity,6,Female,66,4,Single,1
1792856,34,No,Maternity,6,Female,41,3,Single,16
1787161,37,No,Maternity,2,Male,100,4,Divorced,17
1627796,59,No,Neurology,2,Female,32,4,Married,30
1077558,50,No,Neurology,1,Female,73,2,Married,28
1410589,25,Yes,Cardiology,5,Male,46,3,Single,6
1657986,25,No,Maternity,7,Male,64,4,Married,2
1353326,22,No,Maternity,15,Female,59,4,Single,1
1523794,51,No,Maternity,1,Female,30,1,Single,23
1851151,34,Yes,Maternity,7,Male,66,3,Single,9
1645988,54,No,Neurology,26,Female,30,4,Single,23
1849283,24,No,Maternity,18,Male,52,3,Married,6
1073480,34,No,Maternity,6,Female,45,2,Divorced,12
1157113,37,No,Cardiology,3,Male,87,4,Single,12
1130224,34,No,Neurology,5,Female,45,1,Single,14
1427732,36,No,Cardiology,11,Female,92,4,Married,10
1852975,36,No,Maternity,3,Female,39,4,Divorced,7
1845017,43,No,Cardiology,26,Male,92,4,Married,25
1212660,30,No,Maternity,23,Male,96,3,Divorced,10
1264790,33,No,Cardiology,22,Male,95,2,Married,8
1515486,56,Yes,Maternity,14,Female,72,2,Married,7
1832980,51,No,Neurology,6,Male,51,3,Single,23
1031688,31,Yes,Cardiology,6,Male,76,3,Married,12
1433172,26,No,Maternity,6,Female,46,2,Married,5
1607390,58,No,Maternity,23,Female,94,4,Married,40
1842764,19,Yes,Cardiology,22,Male,50,3,Single,0
1176986,22,No,Maternity,2,Male,100,4,Married,3
1835832,49,No,Maternity,20,Female,96,1,Married,16
1450885,43,No,Maternity,28,Female,72,3,Single,18
1810635,50,No,Cardiology,12,Female,77,4,Single,16
1810242,31,Yes,Cardiology,20,Female,71,3,Married,4
1148129,41,No,Cardiology,9,Male,96,3,Divorced,12
1085450,26,No,Neurology,25,Female,61,3,Married,8
1699939,36,No,Neurology,6,Male,84,2,Divorced,7
1612623,51,Yes,Cardiology,8,Male,53,4,Single,18
1069811,39,No,Cardiology,4,Female,47,3,Married,17
1717795,25,No,Cardiology,28,Male,41,3,Married,6
1341925,30,No,Neurology,9,Male,48,4,Married,12
1113668,32,Yes,Maternity,9,Female,41,1,Single,10
1164932,45,No,Maternity,29,Male,83,4,Single,9
1328110,38,No,Maternity,3,Female,32,3,Single,19
1744823,30,No,Maternity,18,Female,75,3,Single,5
1431031,32,No,Cardiology,9,Male,35,4,Divorced,9
1587864,30,No,Maternity,5,Female,84,1,Divorced,8
1577226,30,No,Maternity,2,Male,35,4,Single,6
1162762,41,No,Neurology,10,Male,91,1,Divorced,21
1035340,41,No,Maternity,9,Male,94,1,Married,7
1529493,19,No,Maternity,3,Female,79,2,Single,1
1789511,40,No,Maternity,26,Female,54,2,Divorced,20
1047751,35,No,Cardiology,1,Male,94,2,Married,10
1057195,53,No,Cardiology,6,Male,34,3,Married,13
1682385,45,No,Maternity,9,Male,60,2,Divorced,20
1314990,32,No,Cardiology,8,Female,43,4,Single,9
1157784,29,No,Neurology,1,Male,41,3,Married,10
1819484,51,No,Neurology,7,Male,34,3,Married,10
1172011,58,No,Maternity,9,Female,75,2,Married,9
1562685,40,No,Cardiology,4,Male,67,4,Married,15
1404919,34,No,Cardiology,2,Female,75,3,Married,6
1751538,22,No,Maternity,19,Male,80,4,Married,2
1883822,27,No,Maternity,9,Male,57,2,Divorced,6
1460812,28,No,Maternity,21,Male,42,4,Married,5
1303708,57,No,Maternity,24,Male,83,4,Divorced,12
1224013,27,Yes,Maternity,3,Male,79,3,Divorced,1
1495862,50,No,Neurology,11,Female,53,2,Single,21
1379450,41,No,Maternity,14,Male,56,3,Divorced,13
1138977,30,No,Cardiology,5,Female,41,4,Married,12
1726077,38,No,Cardiology,1,Female,59,4,Single,12
1101855,32,No,Maternity,6,Male,43,3,Single,8
1715001,27,No,Maternity,17,Male,51,2,Married,6
1820041,19,Yes,Cardiology,1,Female,100,1,Single,1
1540435,36,No,Maternity,3,Male,30,2,Single,13
1340085,30,No,Maternity,9,Male,66,1,Divorced,12
1319352,45,No,Cardiology,4,Female,30,1,Divorced,9
1722423,56,No,Maternity,8,Female,67,1,Divorced,19
1853558,33,No,Maternity,2,Male,90,4,Single,4
1517594,19,Yes,Maternity,2,Male,47,4,Single,1
1700841,46,No,Cardiology,1,Female,92,1,Divorced,24
1665761,38,No,Maternity,9,Female,75,4,Single,2
1224843,31,No,Maternity,12,Female,95,4,Married,7
1739412,34,No,Maternity,27,Female,95,2,Single,9
1190255,41,Yes,Cardiology,20,Female,70,2,Single,4
1820323,50,No,Maternity,1,Male,86,3,Married,5
1477195,53,No,Maternity,13,Female,57,1,Divorced,5
1383313,33,No,Maternity,14,Female,72,2,Married,8
1385477,40,No,Neurology,4,Female,46,3,Married,21
1060337,55,No,Neurology,14,Male,61,2,Single,36
1180048,34,No,Neurology,2,Male,45,3,Married,10
1730525,51,No,Maternity,3,Female,98,2,Single,21
1173311,52,No,Neurology,1,Male,65,3,Married,34
1155351,27,No,Maternity,9,Female,99,2,Single,7
1409777,35,Yes,Maternity,23,Male,50,3,Married,8
1175384,43,No,Maternity,7,Male,37,4,Divorced,7
1447981,45,No,Neurology,2,Male,65,4,Married,22
1643490,37,No,Maternity,21,Male,65,1,Married,8
1132287,35,No,Maternity,2,Female,37,2,Single,10
1238447,42,No,Maternity,21,Female,36,3,Divorced,11
1314186,38,No,Neurology,2,Male,88,3,Married,14
1416095,38,No,Maternity,29,Male,54,4,Married,9
1572943,27,No,Neurology,1,Male,60,1,Married,6
1285655,49,No,Maternity,18,Male,92,4,Divorced,7
1620253,34,No,Maternity,10,Male,43,3,Divorced,5
1224749,40,No,Maternity,19,Male,99,4,Married,15
1056367,38,Yes,Maternity,29,Male,70,1,Married,17
1446715,29,No,Cardiology,27,Female,35,4,Married,10
1872375,22,No,Maternity,5,Male,60,2,Divorced,4
1251693,36,No,Maternity,18,Female,73,4,Single,8
1474327,40,No,Maternity,9,Male,63,4,Married,5
1721417,46,No,Maternity,1,Male,97,1,Divorced,17
1723897,32,No,Cardiology,4,Male,32,4,Married,14
1847119,30,No,Neurology,1,Male,88,3,Single,12
1213142,27,No,Cardiology,20,Female,90,3,Single,7
1155192,51,No,Neurology,8,Male,81,2,Married,16
1806025,30,Yes,Maternity,3,Female,88,1,Single,8
1296063,41,No,Cardiology,6,Female,75,4,Single,16
1502689,30,Yes,Cardiology,26,Female,52,1,Single,9
1849547,29,No,Maternity,1,Male,85,3,Single,7
1715116,45,No,Cardiology,6,Female,57,4,Single,23
1088447,54,No,Cardiology,3,Female,52,1,Married,16
1408349,36,No,Maternity,5,Male,62,2,Single,16
1291194,33,No,Maternity,4,Female,47,2,Married,7
1699240,37,No,Neurology,11,Male,47,4,Divorced,10
1059303,38,No,Cardiology,3,Male,76,3,Divorced,17
1530760,31,No,Neurology,1,Male,90,3,Married,6
1187985,59,No,Maternity,3,Male,70,4,Married,7
1721312,37,No,Cardiology,4,Male,41,4,Divorced,13
1129392,29,No,Cardiology,1,Female,42,4,Married,11
1278690,35,No,Cardiology,1,Female,92,3,Single,10
1118323,29,Yes,Maternity,18,Male,86,4,Single,4
1709918,52,No,Maternity,2,Female,89,4,Single,6
1470356,42,No,Neurology,4,Male,58,4,Married,22
1128374,59,No,Neurology,6,Male,52,3,Married,7
1508741,50,No,Cardiology,1,Female,68,4,Divorced,32
1598911,33,Yes,Maternity,14,Male,58,4,Married,8
1177110,43,No,Cardiology,16,Female,80,4,Married,22
1484656,33,Yes,Maternity,2,Female,39,1,Married,13
1693414,52,No,Cardiology,2,Male,79,3,Single,33
1806233,32,No,Cardiology,4,Female,56,2,Married,6
1127107,32,Yes,Maternity,1,Male,62,3,Single,4
1548210,39,No,Maternity,1,Female,96,3,Divorced,7
1857248,32,No,Cardiology,26,Male,100,4,Married,4
1491722,41,No,Maternity,19,Male,36,1,Divorced,17
1548175,40,No,Maternity,24,Male,62,4,Divorced,9
1197716,45,No,Neurology,1,Male,70,4,Married,25
1275604,31,No,Neurology,3,Male,73,3,Divorced,9
1632856,33,No,Maternity,5,Female,63,4,Married,2
1874724,34,No,Neurology,2,Male,84,1,Married,13
1133458,37,No,Maternity,1,Female,83,1,Married,17
1213490,45,No,Neurology,7,Male,77,3,Married,9
1440072,37,No,Maternity,10,Male,61,3,Divorced,17
1492815,39,No,Maternity,2,Female,64,3,Single,20
1322829,29,No,Maternity,15,Male,60,4,Single,6
1453272,42,No,Maternity,17,Female,82,1,Single,10
1234458,29,No,Cardiology,20,Male,45,4,Divorced,10
1336242,25,No,Neurology,1,Female,62,3,Married,5
1068917,42,No,Maternity,2,Female,56,1,Divorced,10
1804073,40,No,Neurology,2,Male,49,3,Divorced,22
1435995,51,No,Maternity,1,Male,96,4,Married,1
1577501,31,No,Maternity,29,Male,71,2,Single,6
1075035,32,No,Maternity,7,Male,100,2,Married,5
1520532,38,No,Cardiology,2,Male,39,4,Married,13
1593179,32,No,Maternity,2,Male,84,1,Single,9
1244300,46,No,Cardiology,2,Female,75,2,Married,28
1622255,28,Yes,Maternity,2,Male,79,3,Single,5
1662066,29,No,Cardiology,2,Male,78,2,Married,10
1247928,31,No,Maternity,23,Male,64,4,Married,10
1087213,25,No,Maternity,5,Male,85,1,Divorced,6
1269016,45,No,Maternity,20,Male,79,4,Married,21
1416436,36,No,Maternity,6,Male,47,4,Married,16
1124764,55,No,Neurology,1,Male,81,1,Single,37
1524494,47,Yes,Neurology,29,Male,88,2,Married,10
1376531,28,No,Maternity,9,Male,94,4,Married,5
1487080,37,No,Cardiology,6,Male,98,4,Married,7
1836214,21,No,Maternity,3,Male,100,3,Single,3
1397780,37,No,Neurology,1,Female,80,4,Divorced,15
1281199,35,No,Neurology,22,Female,71,2,Divorced,10
1566712,38,No,Cardiology,7,Female,44,1,Divorced,8
1256655,26,No,Neurology,1,Female,84,2,Divorced,6
1187620,50,No,Neurology,4,Male,96,2,Divorced,28
1032001,53,No,Neurology,3,Male,45,3,Married,21
1220520,42,No,Cardiology,1,Male,99,3,Married,20
1524207,29,No,Cardiology,2,Male,44,4,Single,10
1552398,55,No,Maternity,20,Male,37,4,Married,12
1753629,26,No,Maternity,11,Male,60,1,Married,5
1649314,37,No,Maternity,1,Female,42,4,Single,17
1353021,44,Yes,Maternity,24,Male,43,3,Divorced,19
1704408,38,No,Maternity,23,Male,82,4,Divorced,10
1031524,26,Yes,Maternity,16,Male,45,2,Divorced,5
1124932,28,No,Maternity,8,Female,66,4,Single,5
1865139,49,No,Neurology,10,Female,35,1,Single,22
1158764,36,No,Maternity,3,Male,30,2,Single,10
1794901,31,No,Cardiology,5,Female,84,2,Divorced,2
1707521,26,Yes,Cardiology,4,Male,48,4,Single,8
1628660,37,No,Maternity,9,Male,53,4,Married,4
1099592,42,No,Cardiology,26,Female,77,2,Married,23
1837825,18,No,Maternity,3,Male,54,3,Single,0
1284393,35,No,Cardiology,16,Male,96,2,Married,12
1720804,36,No,Maternity,18,Male,81,4,Married,4
1749725,51,No,Neurology,2,Male,84,2,Divorced,13
1460737,41,No,Cardiology,2,Male,88,2,Single,22
1464566,18,Yes,Cardiology,10,Female,69,3,Single,0
1608953,28,No,Maternity,16,Male,68,1,Single,9
1162080,31,No,Cardiology,7,Male,100,4,Married,10
1317347,39,No,Maternity,1,Male,48,4,Divorced,19
1712914,36,No,Maternity,24,Female,47,2,Married,11
1672940,32,No,Cardiology,7,Male,91,3,Married,13
1535275,38,No,Maternity,25,Female,81,2,Married,19
1505031,58,No,Maternity,1,Male,32,3,Divorced,12
1546688,31,No,Maternity,5,Male,86,4,Married,6
1578970,31,No,Neurology,2,Male,62,1,Married,9
1304896,45,No,Maternity,7,Male,97,1,Divorced,24
1685562,31,No,Maternity,2,Male,32,4,Divorced,3
1172739,33,No,Neurology,5,Female,74,2,Married,12
1536502,39,No,Neurology,10,Male,99,1,Married,21
1837585,43,No,Maternity,10,Female,33,4,Single,9
1230043,49,No,Maternity,1,Female,90,3,Single,25
1202360,52,No,Maternity,8,Male,85,2,Married,11
1680149,27,No,Maternity,5,Female,85,2,Single,4
1696143,32,No,Cardiology,8,Female,65,2,Married,13
1773686,27,No,Cardiology,2,Male,74,3,Single,5
1625490,31,No,Cardiology,7,Male,73,4,Divorced,13
1038656,32,No,Maternity,2,Female,74,4,Single,10
1323864,28,Yes,Maternity,2,Male,84,4,Married,5
1222187,30,No,Maternity,28,Female,64,4,Married,11
1452875,31,No,Neurology,7,Female,48,3,Married,10
1375684,39,No,Neurology,7,Male,54,4,Married,21
1864653,39,Yes,Cardiology,3,Female,41,3,Married,12
1810061,33,No,Cardiology,10,Male,46,4,Single,9
1857574,47,No,Maternity,5,Male,42,3,Married,21
1342581,43,No,Maternity,10,Female,82,3,Divorced,9
1863408,27,No,Cardiology,1,Male,73,2,Married,6
1028630,54,No,Maternity,20,Female,31,3,Single,20
1416430,43,No,Maternity,7,Female,43,1,Married,10
1139398,45,No,Maternity,8,Male,75,4,Married,12
1267133,40,No,Cardiology,1,Male,57,4,Married,6
1701544,29,Yes,Maternity,8,Male,77,1,Married,7
1574346,29,No,Maternity,9,Male,30,4,Single,4
1446564,30,No,Cardiology,5,Female,30,3,Divorced,10
1646930,27,No,Cardiology,8,Female,56,2,Married,8
1514947,37,No,Neurology,5,Male,61,4,Divorced,8
1650545,38,No,Maternity,15,Male,92,4,Divorced,12
1549614,31,No,Neurology,7,Female,39,4,Single,11
1259109,29,No,Cardiology,10,Female,39,2,Divorced,7
1138615,35,No,Neurology,5,Male,62,2,Single,17
1366078,23,No,Maternity,26,Male,83,4,Divorced,4
1477474,41,No,Neurology,6,Male,95,2,Single,8
1406287,47,No,Cardiology,4,Male,99,3,Single,5
1544429,42,No,Maternity,23,Female,44,4,Single,16
1171206,29,No,Cardiology,2,Male,61,3,Married,4
1634652,42,No,Neurology,2,Male,52,3,Divorced,4
1280175,32,No,Maternity,2,Female,75,2,Married,8
1464473,48,No,Cardiology,29,Female,91,3,Married,15
1400436,37,No,Maternity,6,Male,51,1,Divorced,13
1465814,30,Yes,Cardiology,25,Female,85,3,Married,4
1622008,26,No,Cardiology,1,Male,57,3,Married,8
1679401,42,No,Maternity,2,Male,98,4,Single,14
1612768,21,Yes,Cardiology,1,Female,99,2,Single,3
1680323,36,No,Cardiology,1,Female,45,4,Single,7
1340908,36,No,Cardiology,3,Male,48,4,Married,16
1407209,57,No,Maternity,1,Male,88,3,Married,15
1196631,40,No,Maternity,10,Female,46,3,Married,10
1558158,21,No,Cardiology,9,Male,39,4,Single,3
1542984,33,Yes,Cardiology,5,Female,34,3,Single,1
1665531,37,No,Maternity,10,Female,98,1,Married,17
1815564,46,No,Neurology,7,Female,30,3,Married,7
1866571,41,No,Cardiology,4,Male,56,2,Single,8
1589819,50,No,Maternity,10,Male,100,4,Single,20
1645744,40,No,Cardiology,22,Male,68,3,Married,8
1235953,31,Yes,Maternity,9,Male,42,2,Single,3
1034442,21,Yes,Cardiology,12,Female,90,2,Single,1
1616596,29,No,Maternity,23,Male,54,4,Single,6
1078791,35,No,Maternity,9,Male,97,2,Single,10
1513965,27,No,Maternity,1,Male,82,2,Divorced,5
1786169,28,No,Cardiology,9,Male,92,4,Single,7
1377506,49,No,Maternity,7,Male,31,3,Single,26
1653415,51,No,Cardiology,14,Female,87,4,Married,18
1125672,36,No,Maternity,2,Female,96,3,Married,6
1629676,34,Yes,Cardiology,19,Male,67,4,Single,9
1121223,55,No,Neurology,2,Female,97,4,Single,30
1339400,24,No,Cardiology,10,Female,77,3,Divorced,5
1382648,30,No,Cardiology,2,Male,72,2,Married,1
1685681,26,No,Maternity,3,Male,73,1,Single,7
1700683,22,No,Maternity,11,Female,43,2,Married,2
1634874,36,No,Cardiology,2,Male,61,3,Married,10
1362644,30,Yes,Maternity,4,Male,40,4,Single,3
1286933,37,No,Maternity,14,Female,95,1,Divorced,18
1848633,40,No,Cardiology,2,Female,46,2,Divorced,8
1065198,42,No,Maternity,1,Female,95,1,Divorced,8
1703984,37,No,Maternity,10,Male,49,2,Single,18
1538992,43,No,Maternity,12,Male,59,2,Divorced,25
1488170,40,No,Maternity,2,Female,78,3,Married,20
1530826,54,No,Maternity,5,Male,86,1,Married,24
1550660,34,No,Cardiology,4,Female,72,3,Married,6
1766543,31,No,Neurology,7,Female,31,1,Married,13
1241240,43,No,Maternity,21,Male,61,4,Married,8
1616188,43,No,Maternity,8,Female,74,3,Divorced,8
1068776,25,No,Cardiology,4,Female,99,4,Single,5
1514615,37,No,Maternity,25,Female,72,3,Married,15
1413436,31,No,Maternity,1,Male,98,1,Married,4
1660433,39,No,Neurology,1,Male,52,3,Divorced,21
1415736,56,No,Cardiology,6,Female,86,1,Married,36
1356712,30,No,Cardiology,12,Female,83,3,Single,6
1482423,41,No,Cardiology,1,Male,49,1,Married,10
1735186,28,No,Maternity,17,Male,79,1,Divorced,10
1303791,25,Yes,Maternity,3,Male,91,1,Married,6
1595705,52,No,Neurology,3,Male,39,3,Married,28
1314827,45,No,Maternity,10,Male,69,4,Married,8
1499671,52,No,Neurology,4,Female,30,4,Married,31
1085614,42,No,Maternity,29,Female,92,3,Divorced,19
1635763,30,No,Neurology,2,Female,43,4,Single,11
1031735,60,No,Neurology,7,Female,41,1,Married,33
1787984,46,No,Maternity,18,Female,87,3,Divorced,19
1867121,42,No,Maternity,28,Female,88,4,Married,7
1377208,24,Yes,Cardiology,1,Female,62,2,Single,6
1548908,34,No,Cardiology,6,Female,33,3,Divorced,3
1501749,38,No,Maternity,2,Male,42,4,Married,1
1317087,40,No,Cardiology,2,Female,79,3,Married,21
1865341,26,No,Maternity,23,Female,90,4,Divorced,3
1051420,30,No,Maternity,3,Male,53,4,Married,9
1589813,29,No,Maternity,3,Male,93,3,Married,10
1297138,29,Yes,Maternity,25,Female,71,2,Married,6
1191505,19,Yes,Neurology,2,Male,52,4,Single,1
1708021,30,No,Cardiology,22,Female,69,1,Married,10
1353649,57,No,Cardiology,29,Male,56,4,Divorced,32
1669573,50,No,Neurology,29,Male,88,3,Married,28
1613984,30,No,Maternity,2,Female,49,4,Single,12
1269877,60,No,Cardiology,28,Female,80,1,Married,22
1593662,47,No,Neurology,2,Female,65,4,Divorced,20
1580340,46,No,Maternity,2,Male,51,3,Married,26
1354096,35,No,Maternity,22,Male,46,3,Single,6
1667303,54,No,Maternity,8,Female,42,3,Single,19
1095688,34,No,Maternity,2,Male,62,3,Divorced,14
1725110,31,No,Maternity,9,Male,33,2,Divorced,13
1563027,33,Yes,Neurology,15,Male,56,3,Married,15
1173414,33,No,Maternity,10,Male,38,4,Divorced,8
1188476,30,No,Cardiology,7,Male,57,2,Single,4
1204541,35,No,Maternity,16,Male,72,3,Married,10
1736866,31,Yes,Maternity,20,Male,66,3,Married,12
1776529,34,Yes,Neurology,23,Female,43,1,Divorced,11
1489398,42,No,Maternity,5,Male,97,3,Married,8
1673608,36,No,Cardiology,10,Male,32,4,Single,10
1107497,22,No,Maternity,4,Male,99,3,Single,4
1096432,48,No,Cardiology,2,Female,37,4,Married,14
1045162,55,No,Cardiology,18,Female,83,2,Single,37
1756239,41,No,Cardiology,10,Male,56,4,Single,16
1372229,35,No,Cardiology,1,Male,85,3,Married,15
1413753,40,No,Neurology,6,Female,75,3,Single,22
1394294,39,No,Maternity,8,Female,48,3,Married,8
1233772,31,No,Cardiology,2,Male,77,4,Single,10
1882668,42,No,Maternity,24,Male,56,1,Married,10
1218847,45,No,Cardiology,2,Male,61,2,Married,9
1636995,26,Yes,Neurology,17,Female,58,3,Divorced,8
1780761,29,No,Maternity,19,Male,34,4,Divorced,8
1375351,33,No,Maternity,1,Female,95,3,Divorced,10
1670281,31,No,Cardiology,7,Male,44,4,Divorced,10
1138891,18,Yes,Cardiology,5,Male,69,2,Single,0
1755403,40,No,Cardiology,28,Male,58,1,Divorced,20
1566630,41,No,Maternity,2,Female,62,3,Single,10
1777635,26,No,Cardiology,29,Male,45,3,Divorced,8
1427912,35,No,Cardiology,1,Female,80,3,Single,5
1884554,34,No,Cardiology,21,Male,74,4,Single,10
1335605,26,Yes,Maternity,24,Male,66,4,Single,1
1361476,37,No,Neurology,1,Female,59,4,Single,12
1057253,46,No,Maternity,18,Female,86,3,Married,28
1617735,41,No,Cardiology,2,Female,91,1,Married,22
1037353,37,No,Cardiology,9,Male,69,2,Divorced,9
1455020,52,No,Maternity,6,Male,78,1,Divorced,18
1689256,32,No,Cardiology,11,Male,60,3,Married,6
1793245,24,No,Cardiology,24,Male,38,4,Married,3
1267131,38,No,Maternity,10,Female,76,3,Married,18
1105684,37,No,Neurology,1,Female,65,2,Married,8
1206385,49,No,Maternity,18,Male,58,3,Divorced,31
1487282,24,No,Maternity,23,Male,89,4,Married,6
1295289,26,No,Cardiology,28,Male,66,2,Married,6
1875209,24,No,Maternity,17,Male,94,2,Married,1
1079394,50,No,Neurology,3,Male,99,2,Married,32
1353559,25,No,Cardiology,13,Male,40,3,Married,7
1119549,24,Yes,Maternity,7,Female,55,3,Married,6
1209208,30,Yes,Cardiology,12,Male,74,1,Married,1
1228187,34,No,Maternity,1,Male,83,4,Married,6
1090528,31,No,Cardiology,13,Male,46,1,Divorced,9
1665575,35,No,Maternity,25,Male,54,4,Single,9
1761086,31,No,Cardiology,6,Male,66,4,Divorced,13
1591129,27,No,Maternity,6,Female,66,3,Divorced,6
1518444,37,No,Cardiology,2,Male,75,3,Married,17
1814200,42,No,Maternity,2,Female,81,4,Married,10
1669153,43,No,Maternity,6,Male,50,4,Divorced,21
1668455,38,No,Maternity,1,Female,43,1,Single,8
1251852,43,No,Maternity,9,Male,72,3,Divorced,10
1589946,48,No,Neurology,1,Female,40,1,Married,21
1580530,44,No,Neurology,1,Female,50,3,Single,10
1718961,34,No,Cardiology,14,Female,31,3,Divorced,8
1792606,27,No,Cardiology,2,Male,85,1,Divorced,5
1147261,21,No,Cardiology,22,Male,49,3,Single,3
1434704,44,No,Neurology,3,Male,35,4,Married,26
1794793,22,No,Maternity,6,Male,69,3,Married,3
1034561,33,No,Cardiology,8,Male,39,3,Divorced,6
1745732,32,No,Maternity,9,Female,92,4,Married,6
1477313,30,No,Maternity,3,Female,71,3,Divorced,1
1624205,53,No,Cardiology,1,Female,34,1,Single,18
1641585,34,No,Maternity,1,Male,42,4,Married,10
1080875,45,Yes,Cardiology,26,Female,100,1,Married,5
1551597,26,No,Maternity,6,Female,71,4,Married,3
1498477,37,No,Neurology,3,Male,36,3,Married,10
1507332,29,No,Cardiology,3,Female,62,3,Married,6
1398672,35,No,Maternity,6,Male,82,4,Single,17
1179356,33,No,Maternity,6,Male,30,4,Divorced,15
1414067,54,No,Neurology,19,Male,88,2,Married,16
1285109,36,No,Maternity,9,Male,48,2,Divorced,13
1699009,27,No,Maternity,3,Male,54,4,Single,5
1547538,20,Yes,Maternity,10,Male,32,3,Single,1
1712154,33,Yes,Maternity,3,Male,70,1,Single,10
1715015,35,No,Maternity,3,Male,41,3,Married,1
1344006,23,No,Maternity,4,Male,58,1,Married,5
1136352,25,No,Cardiology,8,Male,57,2,Married,4
1767421,38,No,Cardiology,7,Female,46,4,Single,8
1196090,29,No,Maternity,1,Male,76,4,Divorced,10
1202761,48,No,Cardiology,2,Male,56,2,Married,12
1288214,27,No,Cardiology,3,Female,71,4,Divorced,6
1510616,37,No,Maternity,10,Male,80,4,Single,4
1824855,50,No,Maternity,28,Male,74,3,Married,20
1700617,34,No,Maternity,9,Female,46,2,Single,9
1589131,24,No,Cardiology,3,Female,65,3,Single,4
1634766,39,No,Maternity,2,Female,80,3,Single,20
1248364,32,No,Cardiology,10,Male,55,4,Single,10
1844102,50,No,Cardiology,8,Male,50,3,Married,18
1180968,38,No,Maternity,1,Female,33,4,Single,10
1705991,27,No,Neurology,1,Female,68,1,Married,9
1533978,32,No,Maternity,3,Female,39,4,Single,10
1838364,47,No,Cardiology,14,Male,42,1,Single,20
1886378,40,No,Cardiology,5,Male,48,1,Married,20
1217160,53,No,Maternity,7,Male,59,3,Married,32
1494989,41,No,Neurology,10,Male,73,4,Divorced,23
1180556,60,No,Cardiology,16,Male,84,1,Single,10
1271756,27,No,Maternity,10,Male,32,1,Divorced,9
1786662,41,No,Neurology,1,Male,59,3,Married,22
1713058,50,No,Cardiology,8,Male,54,2,Married,4
1879624,28,Yes,Maternity,1,Female,67,2,Single,10
1530315,36,No,Maternity,8,Female,63,1,Married,10
1589247,38,No,Neurology,1,Female,81,3,Single,10
1347933,44,No,Maternity,24,Male,49,3,Single,9
1031434,47,No,Cardiology,3,Female,49,3,Divorced,28
1699255,30,No,Cardiology,27,Male,99,4,Divorced,10
1670081,29,No,Cardiology,10,Male,99,3,Single,1
1542367,42,Yes,Maternity,19,Male,57,3,Divorced,7
1259211,43,No,Cardiology,15,Male,47,4,Married,7
1758544,34,No,Maternity,8,Female,96,3,Single,10
1545288,23,No,Maternity,9,Male,37,1,Married,5
1121259,39,No,Neurology,3,Female,44,2,Married,12
1126307,56,No,Maternity,9,Male,81,4,Married,30
1400061,40,No,Maternity,2,Female,86,4,Single,5
1855799,27,No,Maternity,7,Female,55,1,Single,9
1639147,29,No,Cardiology,10,Male,83,2,Divorced,2
1446990,53,No,Maternity,6,Male,86,4,Single,19
1446447,35,No,Maternity,2,Female,61,1,Divorced,16
1729159,32,No,Maternity,24,Male,80,4,Married,10
1808474,38,No,Maternity,2,Male,92,3,Married,6
1254029,34,No,Cardiology,8,Female,32,1,Divorced,7
1581250,52,No,Cardiology,3,Male,31,1,Married,34
1269152,33,Yes,Maternity,1,Male,63,4,Single,10
1615430,25,No,Cardiology,26,Female,32,4,Single,6
1186983,45,No,Cardiology,2,Male,46,3,Single,9
1570791,23,No,Maternity,10,Male,79,3,Single,2
1052229,47,Yes,Cardiology,27,Female,77,3,Single,8
1551168,34,No,Cardiology,2,Male,60,4,Single,6
1699666,55,Yes,Neurology,2,Male,78,1,Married,24
1521095,36,No,Cardiology,8,Male,76,1,Single,10
1224712,52,No,Maternity,19,Male,41,4,Married,5
1238998,26,No,Maternity,1,Female,71,4,Divorced,5
1541532,29,No,Maternity,27,Female,66,3,Married,11
1152345,26,Yes,Cardiology,8,Male,38,1,Single,6
1830116,34,No,Maternity,1,Female,72,4,Single,10
1755563,54,No,Maternity,19,Female,95,1,Divorced,9
1660820,27,No,Cardiology,8,Male,84,4,Married,5
1150067,37,No,Maternity,10,Female,82,1,Divorced,6
1862559,38,No,Neurology,2,Female,75,1,Single,17
1107380,34,No,Maternity,2,Female,86,1,Single,6
1734641,35,No,Cardiology,8,Female,72,4,Married,3
1298935,30,No,Maternity,1,Male,38,3,Married,7
1025177,40,No,Maternity,2,Female,38,2,Married,8
1546242,34,No,Cardiology,8,Female,93,1,Married,6
1288565,42,No,Neurology,8,Male,66,4,Divorced,24
1572087,23,Yes,Maternity,6,Male,63,1,Married,1
1451315,24,No,Maternity,9,Male,60,2,Divorced,1
1755899,52,No,Maternity,11,Female,82,3,Married,9
1330421,50,No,Maternity,2,Male,64,3,Married,30
1187355,29,Yes,Maternity,1,Female,36,1,Married,1
1297416,33,No,Maternity,7,Male,49,3,Married,14
1161558,33,Yes,Cardiology,16,Female,69,1,Single,6
1069822,47,No,Neurology,2,Female,33,4,Married,26
1418243,36,No,Neurology,1,Female,35,2,Married,10
1312456,29,No,Maternity,23,Male,81,3,Married,10
1294456,58,Yes,Maternity,2,Male,31,2,Single,40
1637745,35,No,Maternity,1,Female,40,3,Single,7
1307498,42,No,Neurology,1,Female,43,4,Married,8
1759857,28,No,Maternity,2,Male,46,3,Single,5
1675215,36,No,Neurology,13,Male,36,2,Married,8
1845955,32,No,Neurology,4,Female,98,3,Married,14
1178013,40,No,Maternity,16,Male,51,3,Single,10
1266910,30,No,Neurology,2,Female,52,4,Single,12
1643001,45,No,Maternity,2,Female,95,3,Single,1
1804767,42,No,Maternity,29,Male,98,2,Married,10
1686305,38,No,Maternity,12,Male,45,1,Divorced,13
1375250,34,No,Maternity,16,Female,100,4,Single,6
1744940,49,No,Cardiology,11,Female,43,4,Married,9
1545377,55,No,Cardiology,2,Male,37,4,Single,12
1282527,43,No,Maternity,14,Male,94,1,Married,22
1266242,27,No,Maternity,5,Male,42,4,Divorced,9
1668361,35,No,Neurology,7,Male,59,3,Single,17
1574775,28,No,Cardiology,2,Female,81,2,Married,8
1822365,34,No,Neurology,3,Male,88,4,Married,4
1082176,26,Yes,Maternity,5,Female,88,3,Married,8
1415673,27,No,Maternity,3,Male,50,4,Married,0
1455518,51,No,Cardiology,26,Female,66,3,Married,29
1117532,44,No,Maternity,4,Male,50,2,Single,10
1450149,25,No,Maternity,2,Male,65,1,Single,6
1826341,33,No,Cardiology,1,Male,48,1,Divorced,9
1276016,35,No,Maternity,27,Female,53,1,Single,6
1193450,36,No,Cardiology,1,Male,56,4,Married,18
1119237,32,No,Cardiology,13,Male,73,4,Divorced,8
1077496,30,No,Maternity,5,Male,75,4,Divorced,10
1689022,53,No,Cardiology,7,Female,78,4,Married,35
1580740,45,No,Cardiology,9,Male,74,1,Divorced,18
1214731,32,No,Maternity,8,Female,91,3,Married,9
1501967,52,No,Maternity,25,Female,81,4,Married,31
1659259,37,No,Cardiology,16,Male,66,3,Divorced,9
1851689,28,No,Neurology,8,Male,63,4,Divorced,6
1578894,22,No,Neurology,1,Male,33,4,Married,4
1147768,44,No,Maternity,8,Male,62,4,Married,10
1341422,42,No,Maternity,2,Male,35,4,Single,8
1524503,36,No,Neurology,8,Male,77,1,Married,6
1643524,25,No,Cardiology,3,Male,98,1,Married,5
1330630,35,No,Maternity,9,Female,66,3,Married,17
1050771,35,Yes,Maternity,25,Female,96,2,Divorced,10
1864456,32,No,Maternity,1,Male,61,4,Divorced,4
1252375,25,No,Cardiology,4,Male,87,1,Married,5
1127921,49,No,Maternity,1,Female,36,1,Married,7
1122784,24,No,Maternity,4,Male,46,4,Married,6
1767740,32,No,Cardiology,5,Male,48,2,Married,10
1740909,38,No,Cardiology,9,Male,98,2,Married,3
1395500,42,No,Maternity,3,Female,95,4,Married,17
1253827,31,No,Maternity,11,Male,48,4,Married,8
1329687,29,Yes,Cardiology,1,Female,48,3,Divorced,5
1221211,53,No,Cardiology,8,Male,73,4,Married,28
1731227,35,No,Maternity,25,Male,78,2,Married,16
1716658,37,No,Cardiology,21,Female,54,4,Married,10
1856275,53,No,Maternity,23,Female,72,4,Single,33
1780189,43,No,Maternity,1,Female,33,4,Married,12
1662886,47,No,Cardiology,2,Female,35,4,Married,8
1455944,37,No,Cardiology,19,Male,32,2,Single,10
1597875,50,No,Neurology,2,Male,98,1,Divorced,31
1514580,39,No,Neurology,2,Female,42,4,Married,13
1457833,33,No,Neurology,3,Male,57,2,Divorced,7
1406364,32,Yes,Maternity,25,Male,87,4,Single,1
1574807,29,No,Maternity,7,Female,62,4,Divorced,8
1423464,44,No,Maternity,9,Male,61,1,Married,8
1592499,28,No,Cardiology,5,Male,98,4,Single,4
1870106,58,Yes,Maternity,2,Male,57,4,Divorced,3
1860698,43,No,Cardiology,8,Female,55,2,Divorced,4
1334434,20,Yes,Cardiology,2,Female,49,3,Single,2
1657594,21,Yes,Maternity,18,Female,65,4,Single,1
1497902,36,No,Maternity,14,Male,68,4,Married,17
1289682,47,No,Cardiology,2,Female,65,4,Single,3
1185964,22,No,Neurology,3,Female,34,3,Married,4
1179676,41,Yes,Maternity,2,Female,57,4,Divorced,10
1034373,28,No,Maternity,9,Female,77,3,Divorced,6
1126499,39,Yes,Maternity,6,Male,70,1,Married,8
1334359,27,No,Maternity,4,Female,76,3,Single,1
1254150,34,No,Maternity,10,Male,83,2,Divorced,1
1206644,42,No,Cardiology,14,Female,68,3,Single,10
1766963,33,No,Maternity,1,Male,100,1,Single,6
1795081,58,No,Maternity,5,Female,37,2,Divorced,24
1213565,31,No,Cardiology,7,Male,41,3,Married,13
1416487,35,No,Maternity,21,Female,51,4,Married,10
1314640,49,No,Maternity,8,Female,51,2,Married,29
1186466,48,No,Maternity,20,Male,51,3,Married,13
1749032,31,No,Cardiology,20,Female,45,3,Married,9
1674536,36,No,Maternity,7,Male,65,4,Single,8
1327078,38,No,Maternity,1,Female,80,1,Married,15
1738679,32,No,Maternity,1,Female,70,2,Married,5
1117151,25,Yes,Cardiology,19,Male,36,2,Married,1
1732657,40,No,Cardiology,10,Male,67,2,Divorced,11
1840229,26,No,Cardiology,1,Male,52,1,Single,7
1179217,41,No,Maternity,6,Male,59,1,Single,20
1612583,36,No,Maternity,2,Male,79,3,Single,16
1115854,19,Yes,Cardiology,21,Male,37,2,Single,1
1306693,20,Yes,Maternity,4,Male,84,1,Single,1
1142961,31,No,Maternity,12,Female,41,4,Married,10
1578228,40,No,Maternity,9,Male,35,2,Divorced,3
1607811,32,No,Neurology,3,Female,93,1,Married,8
1157826,36,No,Cardiology,3,Male,51,4,Married,16
1863388,33,No,Maternity,1,Female,42,4,Single,6
1818424,37,Yes,Cardiology,1,Male,46,3,Married,17
1707397,45,No,Maternity,4,Male,57,2,Married,9
1742953,29,No,Cardiology,20,Female,84,4,Married,3
1416528,35,No,Cardiology,18,Female,86,3,Married,5
1376209,52,No,Neurology,1,Male,70,4,Married,26
1238813,58,No,Maternity,2,Male,51,3,Single,7
1715239,53,No,Cardiology,2,Male,45,3,Divorced,22
1688979,30,No,Cardiology,8,Male,62,3,Divorced,10
1297623,38,No,Cardiology,10,Female,85,4,Single,6
1685947,35,No,Cardiology,3,Male,92,4,Divorced,12
1785279,39,No,Cardiology,2,Male,41,3,Single,9
1378606,40,Yes,Cardiology,24,Female,100,2,Single,22
1118201,47,No,Maternity,16,Male,64,3,Divorced,20
1866341,36,No,Cardiology,8,Male,84,4,Divorced,12
1649317,31,Yes,Maternity,9,Male,46,1,Single,4
1281310,33,No,Cardiology,17,Male,38,3,Single,10
1658398,29,Yes,Maternity,10,Female,92,1,Single,3
1462108,33,No,Maternity,13,Female,53,4,Single,5
1790357,45,No,Maternity,1,Female,91,4,Divorced,8
1752868,50,No,Maternity,1,Male,66,4,Divorced,32
1324348,33,No,Maternity,1,Female,84,2,Married,6
1576599,41,No,Maternity,9,Male,64,3,Divorced,21
1381113,27,No,Maternity,16,Female,37,2,Married,4
1591865,45,No,Maternity,23,Male,42,1,Married,9
1321447,47,No,Cardiology,4,Female,83,4,Single,9
1034220,30,Yes,Maternity,22,Female,48,3,Married,7
1359967,50,No,Maternity,24,Male,95,3,Married,22
1662076,38,No,Maternity,10,Male,66,3,Married,3
1555678,46,No,Neurology,7,Male,75,3,Divorced,13
1071870,24,No,Maternity,17,Female,41,3,Divorced,5
1690577,35,Yes,Maternity,14,Male,39,2,Divorced,5
1109596,31,No,Neurology,1,Female,96,1,Married,4
1483743,18,No,Maternity,5,Male,73,4,Single,0
1100306,54,No,Maternity,17,Female,56,3,Married,22
1667869,35,No,Maternity,25,Female,57,3,Divorced,16
1079832,30,No,Maternity,8,Female,73,1,Married,9
1236529,20,Yes,Maternity,11,Female,98,1,Single,1
1233733,30,No,Maternity,5,Female,60,2,Single,4
1824641,26,No,Neurology,2,Male,32,4,Married,8
1559236,22,No,Maternity,8,Male,94,1,Married,4
1362920,48,No,Maternity,6,Male,97,3,Single,19
1374656,48,No,Maternity,4,Male,78,3,Single,27
1541429,41,No,Cardiology,7,Female,42,3,Single,8
1383639,27,No,Neurology,2,Female,47,4,Married,4
1631280,35,No,Maternity,10,Male,45,4,Divorced,3
1212094,42,No,Cardiology,5,Male,90,3,Married,21
1509823,50,No,Maternity,9,Male,64,4,Married,8
1297098,59,No,Neurology,2,Female,69,4,Single,30
1664278,37,Yes,Maternity,11,Female,61,2,Married,15
1316661,55,No,Maternity,18,Male,62,2,Married,17
1633200,41,No,Maternity,7,Female,55,3,Divorced,21
1480769,38,No,Cardiology,3,Male,42,4,Single,19
1665250,26,Yes,Cardiology,29,Male,79,1,Single,7
1476575,52,No,Cardiology,2,Female,57,4,Married,33
1580401,44,No,Cardiology,28,Female,53,4,Married,23
1735028,50,No,Cardiology,1,Female,95,3,Married,19
1330619,36,No,Maternity,16,Female,43,1,Single,18
1142212,39,No,Maternity,22,Female,82,1,Single,21
1239925,33,No,Cardiology,8,Female,88,4,Single,3
1477537,45,No,Cardiology,11,Female,90,4,Married,26
1404854,32,No,Maternity,29,Female,69,3,Single,10
1401928,34,No,Cardiology,1,Male,75,4,Divorced,16
1041678,59,No,Cardiology,1,Male,66,4,Married,14
1568634,45,No,Neurology,24,Male,36,2,Single,6
1763986,53,No,Cardiology,2,Female,38,2,Married,30
1721556,36,No,Maternity,15,Male,81,3,Divorced,9
1631537,26,Yes,Maternity,2,Male,57,1,Married,6
1277508,34,No,Cardiology,10,Female,87,3,Married,1
1873017,28,No,Cardiology,10,Male,74,2,Married,1
1776541,38,No,Maternity,3,Male,44,3,Married,8
1545738,50,No,Maternity,2,Male,62,3,Married,29
1775055,37,No,Maternity,3,Female,35,2,Single,8
1087619,40,No,Cardiology,26,Male,74,1,Married,8
1409664,26,No,Maternity,1,Female,66,3,Divorced,5
1206462,46,No,Maternity,1,Male,40,4,Divorced,23
1431621,54,No,Cardiology,2,Female,41,3,Married,13
1045879,56,No,Maternity,9,Female,63,3,Married,18
1619652,36,No,Maternity,12,Female,51,4,Single,15
1828114,55,No,Neurology,2,Male,40,1,Single,31
1128254,43,No,Cardiology,25,Male,79,4,Divorced,18
1084699,20,Yes,Cardiology,9,Female,54,4,Single,2
1343829,21,Yes,Maternity,10,Female,36,1,Single,1
1603378,46,No,Maternity,8,Female,74,1,Divorced,19
1720881,51,No,Maternity,4,Male,34,3,Married,18
1748251,28,No,Maternity,24,Male,72,1,Single,10
1740472,26,No,Maternity,1,Male,59,1,Married,6
1825779,30,No,Maternity,20,Male,85,1,Married,7
1221286,41,No,Maternity,7,Female,43,3,Married,10
1595168,38,No,Maternity,17,Female,65,3,Married,20
1317075,40,No,Maternity,20,Male,61,4,Married,14
1169735,27,No,Maternity,8,Male,87,3,Married,3
1818130,55,No,Neurology,2,Male,65,2,Married,23
1467266,28,No,Maternity,10,Female,59,3,Single,10
1242796,44,No,Neurology,1,Male,91,1,Married,24
1116632,33,No,Maternity,5,Male,34,4,Divorced,9
1338800,35,Yes,Cardiology,4,Male,86,1,Single,9
1823713,33,No,Maternity,29,Female,54,3,Single,14
1461105,28,No,Maternity,15,Male,50,3,Divorced,4
1714672,34,No,Maternity,3,Male,45,4,Single,7
1264321,37,No,Cardiology,10,Female,88,4,Divorced,8
1570590,25,No,Maternity,4,Male,32,4,Married,7
1417598,26,Yes,Maternity,21,Male,37,3,Divorced,1
1875940,33,Yes,Maternity,25,Male,55,2,Single,5
1815487,42,No,Neurology,2,Male,35,1,Married,23
1364682,28,No,Maternity,1,Male,45,2,Divorced,1
1150498,50,No,Cardiology,1,Male,81,3,Single,5
1446684,33,No,Cardiology,7,Female,30,2,Married,4
1852842,34,No,Maternity,3,Male,40,4,Married,6
1554886,48,No,Neurology,1,Male,35,4,Single,27
1454712,45,No,Cardiology,9,Female,65,3,Married,15
1212693,52,No,Maternity,7,Male,87,2,Single,18
1312769,38,No,Cardiology,10,Male,73,3,Divorced,9
1601148,29,No,Maternity,28,Female,93,4,Divorced,11
1133211,28,No,Neurology,3,Female,93,2,Divorced,10
1856618,46,No,Cardiology,3,Male,52,3,Married,23
1042408,38,No,Cardiology,2,Male,32,2,Single,10
1789769,43,No,Maternity,27,Female,83,1,Married,18
1440393,39,No,Maternity,2,Male,84,4,Divorced,21
1091520,40,No,Maternity,14,Male,44,3,Single,21
1818532,21,Yes,Maternity,1,Female,70,2,Single,2
1292995,39,No,Maternity,9,Male,70,2,Single,9
1522372,36,No,Maternity,18,Male,78,4,Single,18
1308397,31,No,Cardiology,20,Male,67,4,Married,3
1138410,28,No,Maternity,2,Male,67,2,Married,6
1752889,35,No,Cardiology,11,Male,54,4,Divorced,5
1425897,49,No,Cardiology,8,Male,56,2,Married,22
1719792,34,No,Neurology,2,Male,95,3,Single,5
1377897,29,No,Maternity,10,Female,61,2,Divorced,8
1692477,42,No,Maternity,29,Male,56,4,Single,16
1618530,29,No,Maternity,8,Male,79,4,Married,10
1619491,38,No,Neurology,1,Male,37,3,Married,7
1321732,28,No,Maternity,6,Male,39,3,Divorced,3
1313694,18,Yes,Maternity,8,Male,80,3,Single,0
1140608,33,Yes,Cardiology,9,Female,77,1,Single,6
1190899,41,No,Maternity,12,Male,46,4,Married,6
1131723,31,No,Maternity,15,Male,72,3,Married,2
1066655,37,No,Maternity,25,Female,52,4,Divorced,9
1061785,27,No,Maternity,6,Male,55,3,Married,4
1745568,34,No,Cardiology,9,Female,70,3,Married,6
1034814,35,No,Neurology,8,Male,100,3,Single,6
1778989,29,Yes,Cardiology,23,Female,45,1,Married,11
1452385,40,No,Maternity,9,Female,88,3,Single,20
1513386,42,No,Cardiology,12,Male,44,1,Single,22
1812528,42,No,Cardiology,4,Male,45,1,Single,9
1479961,35,No,Maternity,1,Male,58,3,Married,10
1446497,24,No,Maternity,24,Male,49,2,Single,6
1340549,28,Yes,Maternity,12,Female,79,4,Married,1
1588632,26,No,Maternity,3,Male,82,4,Married,8
1499676,30,No,Cardiology,10,Male,72,3,Married,10
1849677,40,No,Maternity,26,Female,92,4,Married,16
1209446,35,No,Neurology,2,Male,44,2,Divorced,15
1098841,34,No,Maternity,1,Male,97,1,Single,14
1871555,35,No,Maternity,4,Male,47,4,Married,2
1405213,43,Yes,Cardiology,9,Female,85,3,Single,7
1089994,32,No,Cardiology,2,Female,76,1,Divorced,1
1710657,56,No,Neurology,4,Female,92,1,Divorced,28
1511393,29,No,Maternity,6,Female,54,4,Married,10
1542698,19,No,Maternity,9,Male,54,1,Single,1
1764148,45,No,Maternity,7,Female,83,3,Married,7
1334983,37,No,Neurology,1,Female,56,4,Married,14
1713700,20,Yes,Maternity,3,Male,87,3,Single,2
1476340,44,Yes,Maternity,10,Male,96,3,Single,6
1795477,53,No,Neurology,7,Female,50,3,Divorced,26
1500784,29,Yes,Maternity,15,Female,69,4,Married,6
1455048,22,Yes,Maternity,3,Male,48,4,Married,1
1123335,46,No,Cardiology,2,Female,69,1,Married,28
1285566,44,No,Maternity,17,Male,74,3,Single,6
1279649,33,No,Neurology,2,Male,99,3,Married,5
1754610,41,Yes,Maternity,5,Male,95,1,Divorced,5
1260276,30,No,Cardiology,29,Male,61,1,Divorced,8
1313206,40,No,Cardiology,2,Male,62,2,Married,5
1562759,50,No,Neurology,2,Female,30,1,Married,32
1818579,28,No,Maternity,19,Male,78,1,Married,6
1221210,46,No,Maternity,15,Male,52,2,Married,25
1285937,35,No,Cardiology,17,Male,94,1,Married,15
1063216,24,Yes,Maternity,17,Female,97,2,Married,1
1551282,33,No,Cardiology,25,Female,82,3,Married,10
1310719,36,No,Maternity,6,Male,60,3,Divorced,7
1544205,30,No,Maternity,7,Male,49,3,Divorced,10
1503934,44,No,Maternity,29,Male,32,4,Single,20
1531205,20,No,Cardiology,21,Male,43,4,Single,2
1126413,46,No,Neurology,2,Male,60,4,Divorced,12
1170535,42,No,Neurology,2,Male,79,1,Married,10
1520995,60,No,Cardiology,7,Male,52,4,Divorced,12
1229290,32,No,Maternity,13,Female,77,2,Married,2
1034448,32,No,Maternity,2,Female,38,3,Single,10
1516924,36,No,Neurology,1,Female,77,1,Divorced,17
1487583,33,No,Maternity,9,Male,60,4,Married,15
1516360,40,No,Cardiology,10,Female,84,2,Divorced,7
1384279,25,No,Cardiology,10,Male,57,4,Single,5
1658193,30,No,Maternity,1,Male,63,2,Married,12
1645050,42,No,Maternity,26,Female,60,1,Married,20
1695470,35,No,Cardiology,8,Female,78,4,Married,16
1362336,27,No,Maternity,14,Male,42,1,Married,9
1442702,54,No,Neurology,1,Female,53,3,Divorced,33
1226564,44,No,Maternity,2,Female,72,4,Married,10
1245033,19,Yes,Maternity,10,Female,96,2,Single,1
1856613,29,No,Maternity,1,Female,97,4,Divorced,3
1559788,54,No,Maternity,3,Male,85,4,Married,36
1845153,31,No,Maternity,11,Male,80,1,Married,6
1216132,31,No,Maternity,24,Female,96,1,Single,10
1718896,59,No,Cardiology,3,Female,48,4,Single,13
1659741,43,No,Maternity,3,Male,96,4,Married,25
1460231,49,No,Neurology,4,Male,85,3,Married,23
1276743,36,No,Maternity,3,Male,46,2,Married,12
1551418,48,No,Maternity,2,Male,76,2,Single,7
1409781,27,No,Maternity,4,Male,76,3,Divorced,5
1429070,29,No,Maternity,7,Male,82,4,Divorced,6
1149718,48,No,Maternity,1,Male,76,4,Single,25
1593907,29,No,Maternity,1,Female,87,4,Divorced,9
1346366,34,No,Maternity,20,Female,89,3,Married,2
1471840,44,No,Cardiology,5,Male,88,2,Married,26
1081187,33,No,Cardiology,10,Male,82,3,Divorced,10
1237363,19,No,Maternity,25,Female,57,4,Single,1
1473069,23,No,Maternity,1,Male,47,3,Married,1
1322371,25,Yes,Cardiology,24,Male,73,4,Single,1
1574047,26,No,Maternity,4,Male,53,4,Single,8
1588094,45,No,Cardiology,2,Female,94,2,Single,26
1364438,55,No,Maternity,8,Male,37,2,Divorced,34
1724855,21,Yes,Maternity,10,Female,45,3,Single,2
1032289,46,No,Cardiology,4,Female,33,2,Married,26
1826524,34,No,Cardiology,2,Female,86,1,Single,4
1426682,51,No,Cardiology,9,Male,83,2,Divorced,31
1826449,59,No,Maternity,18,Male,67,4,Single,25
1319702,34,No,Maternity,19,Female,46,2,Divorced,15
1668404,28,Yes,Maternity,1,Male,44,3,Single,5
1459186,44,No,Neurology,4,Male,92,1,Divorced,26
1488640,34,No,Neurology,11,Male,56,2,Married,14
1711208,35,No,Maternity,6,Male,66,3,Married,4
1619962,42,No,Maternity,7,Female,78,2,Married,18
1411176,43,No,Cardiology,4,Female,56,4,Single,23
1702814,36,No,Neurology,2,Female,53,2,Single,18
1059499,44,No,Maternity,15,Female,73,4,Married,10
1612685,28,No,Maternity,2,Male,52,4,Married,2
1744003,51,No,Maternity,6,Female,40,3,Single,8
1825727,30,No,Maternity,9,Female,72,3,Single,10
1100849,29,Yes,Maternity,7,Female,39,3,Divorced,10
1165880,28,No,Maternity,1,Male,84,1,Single,5
1386101,25,No,Maternity,1,Female,40,2,Single,2
1053739,32,No,Cardiology,8,Male,56,4,Married,10
1259785,45,No,Neurology,25,Female,83,2,Single,22
1772045,39,No,Neurology,13,Female,94,2,Divorced,21
1153402,58,No,Maternity,23,Male,88,3,Divorced,2
1111156,32,No,Maternity,7,Male,79,3,Married,10
1191511,39,Yes,Maternity,23,Male,93,1,Single,6
1391589,30,No,Maternity,6,Female,48,4,Married,10
1474475,36,No,Maternity,10,Female,63,3,Married,10
1211290,46,No,Neurology,1,Female,44,1,Single,10
1193428,28,No,Maternity,1,Female,55,4,Married,10
1545703,50,No,Maternity,28,Female,43,1,Married,25
1202936,40,Yes,Cardiology,25,Male,57,2,Single,9
1171299,52,Yes,Cardiology,5,Male,64,2,Single,10
1277861,30,No,Neurology,17,Female,95,1,Married,9
1622014,39,No,Maternity,18,Male,32,3,Single,9
1379068,31,No,Cardiology,2,Female,57,3,Divorced,10
1546275,41,No,Cardiology,10,Male,40,2,Single,19
1288105,31,Yes,Cardiology,1,Female,54,2,Single,3
1518688,44,No,Maternity,3,Male,89,1,Married,10
1071499,42,No,Neurology,2,Male,37,3,Married,21
1704652,55,No,Neurology,2,Female,58,3,Married,23
1074172,56,No,Neurology,8,Male,99,2,Single,36
1415953,40,No,Maternity,16,Male,74,3,Divorced,6
1492244,34,No,Maternity,9,Male,86,4,Divorced,10
1510065,40,No,Maternity,2,Male,98,4,Single,9
1338493,41,No,Cardiology,1,Female,66,1,Divorced,10
1451242,35,No,Maternity,4,Male,87,3,Single,9
1265137,51,No,Neurology,5,Male,84,2,Divorced,33
1465164,38,No,Cardiology,2,Female,31,1,Divorced,11
1420569,34,No,Cardiology,15,Female,66,1,Single,10
1796375,25,No,Maternity,19,Male,67,4,Married,7
1536328,58,Yes,Cardiology,7,Female,53,1,Married,31
1346672,40,No,Maternity,1,Male,88,2,Married,7
1408258,36,No,Cardiology,7,Female,83,1,Married,17
1172129,48,No,Neurology,4,Male,54,4,Single,11
1525335,27,No,Cardiology,11,Female,98,4,Married,5
1138505,51,No,Maternity,11,Female,82,2,Single,29
1792003,18,No,Maternity,1,Female,97,4,Single,0
1584366,35,No,Maternity,1,Female,60,4,Married,10
1224247,27,No,Cardiology,2,Male,43,4,Single,8
1081600,55,Yes,Cardiology,13,Male,85,3,Single,24
1665397,56,No,Maternity,23,Male,68,2,Married,33
1073438,34,No,Maternity,26,Female,92,3,Divorced,5
1858522,40,No,Maternity,2,Female,89,3,Divorced,15
1528867,34,No,Maternity,29,Male,86,3,Married,10
1648657,31,Yes,Cardiology,2,Female,90,4,Single,3
1805986,35,Yes,Cardiology,18,Female,67,3,Married,5
1272720,38,No,Maternity,7,Male,57,3,Divorced,4
1415194,34,No,Maternity,2,Female,98,4,Single,14
1176516,28,No,Cardiology,26,Male,48,1,Married,5
1542102,31,Yes,Maternity,22,Male,98,3,Married,10
1872881,39,No,Cardiology,21,Male,44,4,Married,8
1588882,51,No,Cardiology,2,Male,52,2,Married,14
1278061,41,No,Maternity,22,Female,75,4,Divorced,12
1220976,37,No,Maternity,4,Male,54,3,Married,8
1068192,33,No,Cardiology,5,Male,61,4,Married,8
1633178,32,No,Cardiology,2,Male,36,2,Married,4
1432591,39,No,Maternity,25,Male,71,3,Married,13
1844995,25,No,Cardiology,18,Male,93,3,Married,6
1162157,52,No,Maternity,28,Female,59,3,Married,24
1084924,43,No,Maternity,6,Female,73,3,Single,20
1229066,27,No,Cardiology,10,Female,98,4,Married,6
1526314,27,Yes,Maternity,17,Female,51,3,Single,8
1339537,26,No,Maternity,2,Male,36,4,Single,5
1112703,42,No,Neurology,10,Female,31,1,Married,21
1768835,52,No,Maternity,8,Female,54,1,Married,12
1742081,37,No,Maternity,11,Female,94,3,Single,8
1729034,35,No,Maternity,18,Male,60,4,Single,10
1141939,25,No,Maternity,1,Male,81,4,Married,7
1115350,26,No,Maternity,7,Male,100,1,Single,8
1218088,29,No,Neurology,17,Male,51,1,Single,10
1246982,49,No,Maternity,28,Male,97,1,Single,20
1458822,29,Yes,Maternity,14,Female,84,4,Single,9
1699413,54,No,Maternity,1,Female,54,4,Single,29
1620973,58,No,Maternity,1,Female,76,1,Married,32
1793695,55,No,Maternity,1,Male,81,4,Divorced,31
1583611,36,No,Cardiology,3,Female,99,2,Single,15
1792620,31,Yes,Cardiology,1,Female,50,3,Single,1
1225271,30,No,Cardiology,7,Female,73,1,Divorced,8
1703058,31,No,Maternity,8,Female,93,2,Single,9
1613258,34,No,Maternity,1,Male,91,1,Divorced,10
1611839,31,Yes,Maternity,8,Female,34,2,Single,1
1434118,27,No,Maternity,11,Male,91,1,Married,6
1577542,36,No,Maternity,4,Male,37,4,Single,10
1537620,36,No,Cardiology,16,Female,98,1,Married,11
1827650,47,No,Maternity,1,Male,74,4,Married,17
1533398,25,Yes,Cardiology,9,Male,68,1,Married,6
1469983,37,No,Maternity,5,Male,84,3,Single,7
1272818,56,No,Maternity,1,Female,90,1,Married,5
1174986,47,No,Maternity,2,Female,82,3,Married,26
1259120,24,No,Cardiology,4,Female,42,3,Married,5
1236111,32,No,Cardiology,7,Male,97,4,Married,7
1625621,34,No,Maternity,1,Female,86,2,Married,7
1743607,41,No,Maternity,5,Male,90,3,Married,7
1115072,40,No,Maternity,9,Male,81,3,Divorced,11
1497203,31,No,Cardiology,8,Male,31,4,Divorced,13
1821156,46,No,Cardiology,9,Male,52,4,Divorced,28
1853035,39,Yes,Maternity,2,Female,54,1,Single,11
1549232,31,No,Neurology,1,Female,100,2,Single,10
1211666,45,No,Maternity,20,Male,95,1,Divorced,24
1214806,31,No,Neurology,8,Female,96,2,Single,8
1355585,31,Yes,Maternity,2,Male,94,4,Married,7
1341233,45,No,Maternity,29,Male,55,4,Married,10
1203781,48,No,Cardiology,7,Male,96,1,Divorced,15
1234542,34,No,Neurology,9,Female,52,3,Married,2
1282478,40,No,Maternity,8,Male,55,2,Divorced,16
1488687,28,No,Cardiology,5,Male,84,1,Single,6
1520049,44,No,Maternity,5,Male,90,3,Single,7
1811254,53,No,Maternity,2,Male,39,2,Single,35
1028391,49,No,Maternity,5,Male,96,3,Married,20
1759045,40,No,Maternity,2,Male,68,3,Divorced,8
1613858,44,No,Maternity,20,Male,49,2,Single,6
1317016,33,No,Cardiology,7,Male,54,1,Married,5
1364493,34,No,Cardiology,3,Male,81,1,Single,15
1477875,30,No,Cardiology,16,Male,96,3,Married,4
1439547,42,No,Maternity,9,Female,74,4,Single,12
1869891,44,No,Cardiology,1,Female,79,3,Married,11
1800991,30,No,Maternity,7,Male,64,3,Divorced,1
1081412,57,No,Maternity,1,Male,93,3,Married,13
1705514,49,No,Maternity,7,Male,35,2,Divorced,29
1769488,34,No,Maternity,15,Male,71,1,Divorced,16
1678672,28,No,Cardiology,1,Male,92,3,Married,5
1472943,29,Yes,Cardiology,13,Female,51,2,Single,7
1817745,34,Yes,Cardiology,24,Female,40,2,Single,16
1218204,35,No,Cardiology,7,Male,76,3,Married,1
1812838,24,Yes,Maternity,9,Male,89,1,Single,4
1384737,24,No,Cardiology,13,Female,78,2,Married,1
1456798,44,No,Neurology,2,Male,86,3,Single,16
1075494,29,No,Cardiology,19,Male,77,3,Divorced,10
1557335,30,No,Neurology,1,Male,46,3,Divorced,6
1498617,55,No,Maternity,4,Male,30,3,Married,4
1732917,33,No,Maternity,4,Female,82,2,Married,8
1235079,47,No,Cardiology,14,Female,78,3,Married,11
1473545,28,Yes,Maternity,2,Male,38,1,Single,8
1608433,28,No,Maternity,1,Male,72,3,Divorced,1
1768732,28,No,Cardiology,7,Male,55,1,Single,5
1255286,49,No,Maternity,3,Female,43,1,Married,10
1476766,29,No,Maternity,2,Female,97,2,Married,4
1503842,28,No,Maternity,29,Male,96,2,Married,8
1285005,33,No,Maternity,8,Male,69,3,Single,14
1700420,32,No,Neurology,10,Male,64,4,Single,10
1787068,54,No,Neurology,11,Female,87,4,Divorced,26
1512296,29,Yes,Maternity,1,Male,100,1,Single,11
1225168,44,No,Maternity,28,Male,32,1,Married,24
1185178,39,No,Neurology,6,Female,32,2,Single,9
1791733,46,No,Cardiology,3,Female,51,2,Married,23
1445455,35,No,Maternity,16,Female,91,2,Single,11
1225098,23,No,Maternity,20,Male,97,3,Single,5
1161882,40,Yes,Maternity,9,Male,86,1,Single,15
1130650,34,No,Cardiology,1,Male,64,3,Married,10
1827679,31,Yes,Maternity,3,Female,33,3,Single,7
1385384,50,No,Maternity,22,Male,88,4,Single,32
1489531,34,No,Cardiology,7,Male,55,3,Married,12
1879823,42,No,Maternity,2,Male,68,2,Married,4
1072437,37,No,Maternity,13,Male,47,4,Married,10
1685917,29,No,Maternity,8,Female,39,1,Married,9
1144941,33,No,Maternity,25,Male,44,2,Single,5
1520707,45,No,Maternity,28,Male,97,4,Married,8
1655596,42,No,Maternity,2,Male,40,4,Married,24
1582511,40,No,Cardiology,9,Male,47,1,Married,9
1040101,33,No,Maternity,28,Male,79,3,Married,15
1795482,40,No,Neurology,6,Male,38,4,Single,21
1487869,24,No,Maternity,21,Male,57,1,Divorced,2
1757748,40,No,Maternity,8,Male,72,4,Divorced,8
1044155,45,No,Maternity,1,Male,66,2,Divorced,10
1751058,35,No,Cardiology,28,Female,98,3,Married,6
1800789,32,No,Maternity,5,Female,67,2,Married,12
1258148,36,No,Cardiology,2,Male,70,4,Single,7
1120429,48,No,Cardiology,16,Female,96,3,Divorced,18
1604996,29,No,Maternity,9,Male,91,3,Married,5
1152504,33,No,Cardiology,8,Male,46,1,Married,8
1093589,30,No,Cardiology,1,Male,64,1,Married,10
1152723,38,No,Neurology,10,Male,71,3,Married,10
1561423,35,No,Maternity,1,Male,68,1,Single,3
1603233,30,No,Cardiology,29,Male,33,2,Married,9
1286513,35,Yes,Maternity,2,Female,69,1,Divorced,1
1313838,53,No,Neurology,2,Female,78,4,Married,34
1819647,38,No,Neurology,2,Male,81,2,Married,7
1316836,32,No,Maternity,1,Male,62,1,Married,9
1595159,48,No,Maternity,15,Female,65,1,Married,10
1679356,34,No,Maternity,7,Male,35,4,Single,1
1729981,55,No,Cardiology,26,Male,60,4,Married,36
1597323,34,No,Maternity,1,Male,45,4,Married,9
1765716,26,No,Maternity,3,Female,89,4,Married,1
1573518,38,No,Cardiology,14,Male,80,2,Married,10
1755222,38,No,Cardiology,16,Female,90,2,Single,8
1689960,36,No,Cardiology,1,Female,73,3,Single,15
1321308,29,No,Maternity,3,Male,87,1,Single,10
1261502,35,No,Maternity,10,Female,51,3,Single,10
1041532,39,No,Cardiology,6,Male,38,3,Married,11
1828789,29,No,Maternity,2,Male,87,4,Divorced,6
1638427,50,No,Cardiology,9,Male,59,3,Married,27
1788553,23,No,Maternity,10,Male,45,3,Married,4
1599847,36,No,Maternity,6,Male,80,1,Married,9
1856176,42,No,Neurology,9,Male,93,4,Single,24
1106946,35,No,Maternity,28,Male,46,3,Married,10
1866800,34,No,Maternity,10,Male,92,3,Married,8
1492385,40,No,Cardiology,14,Female,84,1,Married,5
1463621,43,No,Maternity,27,Male,87,2,Divorced,8
1562191,35,No,Maternity,7,Male,63,4,Married,1
1801915,46,No,Cardiology,1,Male,56,1,Single,27
1064286,28,Yes,Maternity,24,Male,51,2,Married,1
1494533,22,Yes,Maternity,26,Female,85,3,Married,4
1618456,50,No,Maternity,20,Male,41,3,Married,32
1072876,32,No,Maternity,5,Female,35,4,Married,6
1393835,44,No,Maternity,7,Female,31,4,Divorced,23
1466602,30,No,Maternity,7,Male,48,2,Married,6
1135463,45,No,Maternity,5,Female,50,1,Single,10
1792202,45,No,Cardiology,26,Male,52,1,Married,10
1428612,31,No,Cardiology,2,Male,54,1,Single,10
1831818,36,No,Maternity,12,Female,76,3,Married,7
1624104,34,No,Maternity,10,Male,42,4,Divorced,9
1594457,49,No,Maternity,25,Female,84,1,Married,10
1871083,39,No,Maternity,10,Male,76,1,Married,10
1448152,27,No,Maternity,19,Male,67,1,Divorced,7
1577752,35,No,Maternity,18,Male,48,1,Married,16
1475967,28,No,Maternity,27,Female,39,1,Divorced,6
1797790,21,No,Maternity,5,Male,97,4,Single,3
1741354,18,Yes,Cardiology,3,Female,70,4,Single,0
1665873,47,No,Neurology,26,Female,98,3,Married,27
1604086,39,No,Maternity,3,Male,76,3,Divorced,11
1687357,40,No,Maternity,15,Female,80,3,Married,18
1645854,35,No,Maternity,8,Female,52,3,Married,15
1693873,37,No,Maternity,19,Male,85,3,Married,9
1032199,39,No,Neurology,4,Female,81,3,Single,10
1646893,45,No,Neurology,2,Female,59,4,Divorced,10
1641732,38,No,Neurology,2,Female,54,3,Married,10
1626748,35,No,Cardiology,10,Male,55,1,Married,15
1552731,37,No,Maternity,10,Female,71,2,Married,8
1294986,40,No,Maternity,16,Female,84,4,Single,18
1219188,44,No,Neurology,1,Male,37,4,Married,14
1533221,48,No,Neurology,4,Male,89,4,Married,23
1107055,35,Yes,Cardiology,15,Male,59,4,Divorced,7
1644021,24,Yes,Maternity,2,Female,32,4,Single,6
1236753,27,No,Maternity,8,Female,86,3,Married,5
1731640,27,No,Maternity,2,Male,87,4,Single,6
1883424,40,Yes,Maternity,7,Male,73,1,Single,10
1202416,29,No,Cardiology,10,Male,42,3,Single,8
1088912,36,No,Maternity,5,Female,42,1,Married,9
1605956,25,No,Neurology,2,Male,77,3,Divorced,7
1505937,39,No,Maternity,12,Male,66,2,Married,7
1399370,49,No,Maternity,22,Female,72,2,Married,27
1761884,50,No,Maternity,17,Female,50,1,Divorced,19
1769167,20,No,Cardiology,2,Female,31,3,Single,2
1547090,34,No,Maternity,3,Female,66,2,Divorced,11
1246015,36,No,Maternity,7,Male,77,2,Single,15
1254079,49,No,Maternity,6,Female,41,3,Married,30
1860095,36,No,Neurology,1,Female,33,3,Married,4
1602610,36,No,Maternity,3,Male,79,1,Divorced,13
1364047,54,No,Neurology,22,Female,91,3,Married,36
1872403,43,No,Maternity,15,Male,65,3,Married,14
1705436,35,No,Cardiology,12,Male,36,4,Single,13
1607161,38,No,Maternity,1,Male,90,4,Married,19
1706059,29,No,Cardiology,5,Male,43,2,Divorced,10
1574111,33,No,Cardiology,2,Male,93,4,Divorced,6
1200755,32,No,Maternity,2,Male,45,2,Divorced,10
1068460,31,No,Cardiology,5,Female,67,4,Married,10
1796122,49,No,Maternity,16,Female,74,1,Divorced,17
1728347,38,No,Maternity,2,Female,42,2,Single,4
1817017,47,No,Cardiology,2,Female,47,2,Divorced,29
1400072,49,No,Neurology,1,Male,36,3,Single,23
1349913,41,No,Cardiology,23,Male,80,3,Single,21
1119867,20,No,Cardiology,9,Male,54,1,Single,2
1060815,33,No,Cardiology,16,Female,36,4,Divorced,7
1097742,36,No,Maternity,26,Male,80,3,Married,10
1711206,44,No,Neurology,1,Female,44,4,Divorced,8
1082389,23,Yes,Maternity,8,Male,93,3,Single,5
1588527,38,No,Maternity,4,Female,87,3,Married,7
1590426,53,No,Maternity,24,Male,48,4,Married,11
1425001,48,No,Cardiology,7,Female,95,3,Married,19
1609527,32,No,Maternity,2,Male,95,2,Single,1
1366639,26,No,Maternity,7,Male,76,4,Single,7
1270535,55,No,Maternity,22,Male,94,2,Divorced,8
1826482,34,No,Maternity,5,Male,57,4,Married,15
1718662,60,No,Maternity,1,Male,92,4,Divorced,19
1248055,33,No,Maternity,21,Male,79,2,Married,14
1430170,37,No,Cardiology,1,Male,31,4,Divorced,6
1830378,34,No,Maternity,19,Female,35,4,Married,10
1810874,23,No,Cardiology,7,Male,99,4,Divorced,3
1287552,44,No,Maternity,2,Female,96,4,Married,9
1432173,35,No,Maternity,2,Male,79,4,Single,6
1499458,43,No,Cardiology,2,Male,73,4,Married,10
1622897,24,No,Maternity,9,Male,62,3,Married,5
1374267,41,No,Cardiology,6,Male,35,3,Single,10
1125172,29,No,Maternity,9,Female,43,3,Married,9
1569964,36,No,Cardiology,2,Female,51,4,Single,17
1689576,45,No,Maternity,1,Male,74,3,Married,25
1297488,24,Yes,Neurology,22,Male,58,3,Married,1
1675357,47,Yes,Cardiology,9,Male,82,3,Married,25
1704363,26,No,Maternity,17,Male,62,3,Married,3
1554897,45,No,Maternity,28,Female,48,2,Single,21
1430466,32,No,Maternity,10,Male,56,3,Married,10
1205920,31,No,Maternity,2,Male,69,3,Married,6
1702718,41,No,Neurology,4,Male,60,2,Married,10
1417199,40,No,Maternity,8,Female,92,1,Married,18
1078051,24,No,Maternity,29,Male,91,1,Divorced,6
1146326,46,No,Maternity,13,Male,34,2,Single,19
1044017,35,No,Maternity,27,Male,49,3,Married,17
1294406,30,No,Maternity,16,Male,33,4,Married,10
1280706,47,No,Cardiology,2,Male,87,2,Married,4
1488805,46,No,Cardiology,2,Male,74,4,Divorced,13
1315940,36,No,Cardiology,13,Male,96,1,Divorced,16
1878824,32,Yes,Cardiology,1,Male,34,2,Single,10
1658260,23,No,Maternity,4,Female,51,2,Single,3
1246363,31,No,Maternity,24,Female,30,4,Single,9
1360469,39,No,Maternity,1,Male,77,4,Married,9
1412303,32,No,Cardiology,19,Male,80,3,Married,10
1360714,40,No,Cardiology,7,Male,88,2,Single,21
1383815,45,No,Neurology,4,Female,56,3,Married,9
1620383,30,No,Maternity,2,Female,78,1,Single,10
1377529,24,No,Neurology,10,Male,59,4,Married,3
1828538,30,Yes,Neurology,8,Female,66,4,Divorced,6
1692811,31,No,Cardiology,5,Male,51,3,Married,6
1030937,27,No,Maternity,8,Female,67,4,Single,6
1838448,29,Yes,Cardiology,9,Female,52,2,Single,2
1176037,29,No,Maternity,1,Male,70,3,Single,10
1764157,30,No,Cardiology,15,Male,94,1,Divorced,12
1483732,34,No,Maternity,2,Male,97,4,Married,6
1059340,33,No,Cardiology,2,Female,62,2,Single,13
1260966,49,No,Cardiology,11,Female,80,4,Single,8
1196870,33,Yes,Cardiology,16,Female,74,1,Single,11
1434954,38,No,Maternity,2,Female,75,2,Married,9
1872248,31,Yes,Cardiology,16,Male,70,3,Married,10
1498457,29,No,Maternity,4,Female,91,1,Divorced,1
1322097,30,No,Maternity,16,Male,58,3,Married,10
1400783,32,No,Maternity,5,Male,65,2,Single,12
1511863,38,No,Maternity,18,Male,60,4,Married,15
1581569,43,Yes,Maternity,17,Male,38,3,Married,6
1628396,42,No,Maternity,12,Male,57,2,Divorced,7
1715321,55,No,Maternity,2,Male,60,1,Married,34
1541808,33,No,Maternity,4,Male,90,2,Divorced,11
1479918,41,No,Maternity,9,Male,94,1,Divorced,5
1404955,34,No,Cardiology,10,Male,87,3,Divorced,15
1473417,53,No,Neurology,1,Female,60,3,Married,27
1778124,43,No,Neurology,2,Male,97,4,Single,10
1143717,34,No,Cardiology,3,Female,32,4,Single,6
1193818,21,Yes,Cardiology,7,Male,31,2,Single,1
1795187,38,No,Maternity,6,Female,40,3,Married,5
1241701,22,Yes,Maternity,8,Female,79,1,Married,1
1729178,31,No,Cardiology,29,Female,91,4,Married,13
1612699,51,No,Neurology,3,Female,53,3,Married,15
1880660,37,No,Cardiology,9,Male,46,2,Married,5
1275366,46,No,Maternity,2,Male,46,4,Divorced,24
1377582,36,No,Maternity,10,Male,90,1,Married,15
1590795,44,No,Maternity,1,Male,99,2,Divorced,6
1554560,37,No,Neurology,8,Male,89,2,Divorced,19
1563500,35,Yes,Cardiology,27,Male,84,4,Single,10
1287606,33,No,Maternity,8,Male,90,1,Married,14
1395052,28,No,Maternity,1,Male,82,4,Married,5
1692699,39,No,Maternity,10,Male,65,3,Single,9
1691971,46,No,Cardiology,26,Male,98,2,Single,6
1048578,40,No,Maternity,2,Female,99,1,Married,7
1874111,42,No,Maternity,13,Male,95,1,Married,10
1083173,35,No,Cardiology,2,Male,90,4,Divorced,15
1819347,38,No,Neurology,2,Male,100,2,Divorced,13
1645963,34,No,Neurology,9,Male,93,1,Married,11
1174838,37,No,Cardiology,10,Male,58,1,Single,10
1751502,39,No,Cardiology,20,Male,83,4,Divorced,7
1117560,43,No,Neurology,9,Male,52,3,Single,7
1206981,41,No,Neurology,5,Male,85,2,Single,11
1711876,41,No,Cardiology,4,Female,81,3,Divorced,23
1366196,30,No,Cardiology,10,Female,64,3,Single,9
1347924,26,No,Neurology,20,Female,69,2,Married,6
1140520,46,No,Neurology,21,Female,66,2,Married,13
1187455,40,No,Neurology,1,Female,52,4,Divorced,12
1645498,34,No,Cardiology,8,Male,92,3,Married,10
1382530,58,No,Cardiology,2,Male,52,2,Divorced,37
1682292,35,No,Neurology,23,Male,91,3,Married,6
1602874,47,No,Cardiology,4,Female,92,2,Divorced,28
1154770,40,No,Neurology,12,Female,47,1,Divorced,15
1051875,54,No,Neurology,7,Female,68,4,Married,14
1834180,31,No,Cardiology,7,Female,68,1,Married,9
1564192,28,No,Neurology,1,Female,67,1,Married,3
1802154,38,No,Cardiology,2,Female,77,4,Married,20
1207662,26,No,Cardiology,10,Male,46,4,Single,5
1072716,58,No,Neurology,15,Male,87,3,Married,23
1086016,18,Yes,Neurology,14,Female,33,3,Single,0
1552861,31,No,Neurology,18,Male,89,1,Married,2
1235468,29,Yes,Neurology,13,Male,56,1,Divorced,4
1281331,45,No,Cardiology,2,Female,67,3,Married,10
1220488,36,No,Neurology,2,Female,73,2,Married,15
1113271,43,No,Cardiology,2,Male,92,4,Married,7
1152978,27,No,Neurology,5,Female,53,4,Single,6
1871070,29,No,Neurology,20,Male,40,4,Married,11
1687721,32,No,Cardiology,10,Male,79,4,Single,4
1031664,42,No,Neurology,10,Male,38,3,Married,10
1402268,47,No,Neurology,9,Female,64,3,Single,7
1601963,46,No,Cardiology,2,Male,82,4,Divorced,12
1777794,28,No,Neurology,1,Male,43,4,Divorced,3
1510809,29,No,Neurology,29,Male,93,3,Divorced,11
1676403,42,No,Neurology,8,Male,81,3,Single,8
1458226,32,Yes,Cardiology,2,Male,82,2,Single,7
1442296,46,No,Cardiology,3,Female,45,1,Divorced,25
1469297,27,No,Cardiology,23,Female,36,3,Married,9
1701157,29,No,Neurology,6,Male,87,2,Married,1
1141899,43,No,Neurology,6,Female,81,3,Married,21
1866815,48,No,Neurology,10,Male,91,2,Married,29
1329673,29,Yes,Neurology,24,Male,73,4,Single,1
1775838,46,No,Cardiology,10,Female,64,2,Married,14
1575047,27,No,Neurology,15,Female,77,1,Married,8
1049997,39,No,Neurology,19,Male,41,4,Divorced,7
1766213,55,No,Neurology,2,Male,98,4,Married,19
1544113,28,No,Cardiology,3,Female,78,2,Married,1
1609966,30,Yes,Cardiology,9,Male,89,4,Single,1
1242148,22,Yes,Neurology,7,Male,75,2,Single,1
1494882,36,No,Cardiology,10,Female,63,3,Married,10
1450163,31,No,Neurology,20,Male,89,3,Divorced,10
1104040,34,No,Cardiology,4,Male,64,4,Married,9
1879233,29,No,Neurology,7,Male,59,1,Single,11
1878518,37,No,Neurology,7,Male,78,1,Married,16
1694441,35,No,Cardiology,16,Female,44,2,Married,4
1608760,45,No,Cardiology,25,Female,93,4,Married,10
1357691,36,No,Neurology,2,Male,94,4,Single,10
1551391,40,No,Neurology,1,Male,98,1,Divorced,22
1419575,26,No,Neurology,1,Female,90,3,Married,1
1620257,48,No,Neurology,22,Female,58,4,Divorced,24
1662166,44,No,Neurology,1,Male,78,1,Married,10
1738269,34,Yes,Neurology,16,Male,85,1,Married,5
1557030,56,Yes,Neurology,24,Male,97,4,Single,5
1153641,36,No,Cardiology,17,Male,33,2,Married,12
1448030,41,No,Cardiology,8,Female,54,2,Married,14
1804573,42,No,Neurology,6,Male,83,1,Married,18
1058985,31,No,Cardiology,10,Female,86,4,Divorced,8
1674974,34,No,Cardiology,3,Female,75,4,Married,9
1408618,31,No,Neurology,4,Female,62,3,Divorced,4
1670932,26,No,Neurology,6,Male,61,4,Married,8
1808720,45,No,Neurology,1,Male,44,3,Single,12
1228157,33,No,Cardiology,10,Male,43,3,Single,10
1355281,28,No,Cardiology,1,Male,42,4,Married,7
1745305,29,Yes,Cardiology,24,Male,45,1,Single,1
1048077,39,No,Cardiology,21,Female,32,3,Married,10
1616851,27,No,Neurology,2,Male,41,2,Married,6
1700476,34,No,Neurology,22,Male,86,4,Married,16
1603368,28,Yes,Cardiology,13,Female,84,3,Single,6
1775902,47,No,Neurology,14,Male,64,2,Married,16
1871585,56,No,Cardiology,11,Female,89,1,Married,6
1606461,39,No,Cardiology,9,Male,87,1,Married,10
1236472,38,No,Neurology,8,Female,58,2,Divorced,20
1058946,58,No,Cardiology,21,Female,72,4,Married,29
1683886,32,Yes,Neurology,5,Female,47,3,Single,8
1211751,38,No,Neurology,9,Male,71,4,Divorced,10
1445440,49,No,Neurology,2,Male,42,4,Married,28
1654667,42,No,Cardiology,12,Male,77,4,Divorced,14
1265759,27,Yes,Neurology,22,Female,58,2,Married,1
1842922,35,No,Cardiology,18,Male,71,1,Married,6
1884938,28,No,Neurology,16,Male,49,3,Single,5
1252735,31,No,Neurology,3,Male,48,1,Divorced,4
1201616,36,No,Neurology,9,Male,66,2,Married,5
1050457,34,No,Cardiology,1,Male,32,4,Single,14
1637651,34,No,Cardiology,13,Male,39,3,Divorced,9
1079566,26,No,Neurology,1,Male,95,1,Single,8
1332348,29,No,Neurology,1,Male,89,1,Married,6
1051695,32,No,Neurology,15,Female,34,4,Divorced,9
1154444,31,No,Neurology,1,Male,48,1,Married,10
1650983,28,No,Neurology,17,Male,32,4,Divorced,6
1130703,38,No,Cardiology,1,Male,59,1,Single,20
1817679,35,No,Cardiology,7,Female,55,4,Married,10
1092771,27,No,Cardiology,9,Male,44,4,Single,7
1356134,32,No,Cardiology,5,Male,56,4,Single,8
1370524,31,Yes,Cardiology,26,Male,63,4,Married,10
1232169,53,Yes,Cardiology,24,Male,66,1,Single,15
1392392,54,No,Neurology,9,Female,67,3,Married,9
1309342,33,No,Neurology,7,Male,36,3,Divorced,9
1531422,43,No,Neurology,11,Male,30,3,Married,10
1126582,38,No,Neurology,1,Male,88,2,Married,7
1316742,55,No,Neurology,26,Male,71,2,Married,35
1789942,31,No,Neurology,2,Female,59,4,Divorced,1
1583381,39,No,Cardiology,15,Male,77,1,Single,21
1275198,42,No,Neurology,23,Male,37,3,Single,20
1378502,31,No,Neurology,10,Female,40,3,Married,13
1553116,54,No,Cardiology,10,Female,77,1,Single,9
1150538,24,No,Neurology,1,Male,45,3,Single,4
1553133,23,No,Neurology,12,Male,78,4,Single,5
1113801,40,No,Neurology,11,Female,73,3,Married,10
1365691,40,No,Cardiology,2,Female,92,2,Married,15
1825860,25,No,Neurology,2,Female,82,2,Married,6
1820725,30,No,Neurology,1,Male,76,2,Married,12
1515102,25,No,Neurology,2,Male,57,3,Divorced,7
1811717,47,No,Neurology,25,Male,84,3,Single,25
1863212,33,No,Neurology,1,Male,59,3,Divorced,1
1677775,38,No,Cardiology,1,Male,86,2,Married,16
1593793,31,No,Cardiology,2,Male,54,3,Married,3
1373830,38,No,Cardiology,6,Male,72,3,Married,10
1125914,42,No,Neurology,18,Male,35,1,Divorced,9
1519296,41,No,Neurology,1,Male,76,4,Married,12
1491934,47,No,Neurology,1,Female,98,2,Married,14
1181842,35,No,Neurology,11,Male,43,3,Married,5
1221662,22,No,Neurology,1,Male,63,3,Single,4
1725778,35,No,Neurology,9,Male,48,3,Single,10
1301790,33,No,Neurology,15,Female,95,4,Married,10
1399338,32,No,Neurology,29,Female,49,2,Single,6
1789008,40,No,Neurology,1,Male,83,4,Married,8
1190766,32,No,Cardiology,1,Male,68,2,Married,3
1491312,39,No,Neurology,24,Male,52,4,Single,18
1708743,38,No,Neurology,10,Female,99,3,Married,20
1435710,32,No,Cardiology,1,Female,48,4,Married,14
1332625,37,No,Neurology,10,Female,42,4,Married,16
1818407,25,No,Cardiology,8,Female,85,3,Divorced,6
1251101,52,No,Cardiology,29,Male,40,4,Divorced,16
1433529,44,No,Neurology,1,Male,42,4,Single,6
1859445,21,Yes,Cardiology,5,Male,58,1,Single,2
1104512,39,No,Neurology,9,Male,87,4,Single,21
1782969,23,Yes,Cardiology,9,Male,33,1,Married,1
1628827,36,No,Cardiology,3,Female,94,4,Married,10
1224144,36,No,Cardiology,4,Female,97,2,Divorced,18
1284416,56,No,Neurology,1,Male,57,3,Divorced,13
1191013,29,Yes,Neurology,1,Male,36,4,Married,4
1061493,42,No,Neurology,2,Male,56,3,Married,24
1197297,56,No,Neurology,7,Male,72,3,Married,14
1065630,41,No,Cardiology,28,Female,60,2,Married,21
1173552,34,No,Cardiology,28,Female,95,3,Married,8
1277240,36,No,Cardiology,15,Male,88,4,Divorced,15
1520108,41,No,Cardiology,3,Male,57,2,Divorced,14
1707431,32,No,Neurology,2,Male,78,1,Single,4
1246075,35,No,Neurology,26,Female,31,4,Single,9
1665956,38,No,Cardiology,10,Female,100,4,Married,10
1468963,50,No,Cardiology,1,Male,94,3,Divorced,12
1457695,36,No,Cardiology,11,Female,100,4,Married,8
1043685,45,No,Cardiology,20,Female,50,3,Single,8
1336668,40,No,Neurology,2,Male,52,3,Single,8
1044917,35,No,Neurology,18,Male,80,3,Married,10
1758264,40,No,Neurology,2,Female,98,3,Married,20
1175359,35,No,Neurology,1,Female,62,4,Married,4
1640979,29,No,Neurology,13,Male,46,2,Married,10
1321040,29,No,Neurology,28,Female,73,1,Single,5
1293237,50,Yes,Cardiology,28,Male,39,1,Divorced,20
1715801,39,No,Cardiology,24,Female,60,4,Married,21
1626443,31,No,Cardiology,5,Male,74,1,Single,10
1787925,26,No,Cardiology,5,Female,30,3,Single,5
1444959,36,No,Neurology,23,Male,41,4,Married,17
1196529,39,No,Neurology,6,Male,42,1,Married,9
1417927,27,No,Cardiology,4,Male,87,2,Married,6
1322645,49,No,Cardiology,2,Male,63,2,Married,17
1879510,34,No,Neurology,8,Male,82,3,Married,6
1345828,37,No,Maternity,1,Male,51,3,Divorced,7
1837461,40,No,Cardiology,2,Female,79,3,Married,21
1720201,45,No,Maternity,2,Female,59,4,Divorced,10
1566303,39,No,Maternity,1,Female,65,4,Married,21
1108233,56,No,Maternity,1,Male,57,3,Divorced,13
1548714,49,No,Maternity,7,Male,35,2,Divorced,29
1823206,36,No,Maternity,5,Female,42,1,Married,9
1464646,38,No,Maternity,1,Male,90,4,Married,19
1118938,53,No,Maternity,2,Female,78,4,Married,34
1266767,36,No,Cardiology,8,Male,84,4,Divorced,12
1432515,40,No,Maternity,2,Female,38,2,Married,8
1440199,24,No,Maternity,17,Female,41,3,Divorced,5
1449468,41,No,Neurology,1,Male,59,3,Married,22
1308741,32,No,Neurology,3,Female,39,4,Single,10
1117655,54,No,Neurology,3,Male,85,4,Married,36
1439166,40,No,Cardiology,2,Female,92,2,Married,15
1141471,43,No,Neurology,15,Male,65,3,Married,14
1731320,35,No,Maternity,2,Male,44,2,Divorced,15
1697463,58,No,Maternity,5,Female,37,2,Divorced,24
1540491,32,No,Maternity,1,Male,62,1,Married,9
1034607,27,No,Maternity,1,Female,68,1,Married,9
1123123,29,No,Maternity,7,Male,82,4,Divorced,6
1380232,47,No,Cardiology,2,Female,47,2,Divorced,29
1345928,44,No,Cardiology,5,Male,88,2,Married,26
1165218,52,No,Maternity,19,Male,41,4,Married,5
1194754,41,No,Cardiology,3,Male,57,2,Divorced,14
1162618,34,No,Maternity,1,Male,42,4,Married,10
1661522,39,No,Maternity,1,Male,52,3,Divorced,21
1469038,42,No,Maternity,29,Male,98,2,Married,10
1026975,50,No,Cardiology,1,Female,68,4,Divorced,32
1267061,46,No,Maternity,7,Female,30,3,Married,7
1184336,45,No,Maternity,10,Male,69,4,Married,8
1852420,31,No,Cardiology,5,Female,67,4,Married,10
1622092,29,No,Maternity,21,Female,51,1,Divorced,10
1870096,41,No,Cardiology,1,Male,49,1,Married,10
1288694,38,No,Cardiology,10,Female,100,4,Married,10
1354174,53,No,Cardiology,2,Female,78,4,Married,31
1121812,35,No,Cardiology,11,Male,54,4,Divorced,5
1688790,49,No,Maternity,6,Female,41,3,Married,30
1847082,40,No,Maternity,8,Female,92,1,Married,18
1137940,46,No,Cardiology,3,Female,45,1,Divorced,25
1531743,58,No,Neurology,1,Female,76,1,Married,32
1156488,48,No,Maternity,4,Male,89,4,Married,23
1578755,29,No,Maternity,1,Female,97,4,Divorced,3
1333885,31,No,Neurology,7,Male,48,4,Divorced,10
1258908,38,No,Maternity,3,Male,44,3,Married,8
1245218,29,No,Maternity,1,Male,89,1,Married,6
1730370,36,No,Maternity,7,Male,65,4,Single,8
1577435,42,No,Maternity,2,Male,35,1,Married,23
1151756,25,No,Cardiology,8,Male,57,2,Married,4
1045493,48,No,Neurology,1,Male,76,4,Single,25
1570909,38,No,Maternity,6,Male,72,3,Married,10
1509347,43,No,Maternity,8,Female,74,3,Divorced,8
1217582,53,No,Neurology,3,Male,45,3,Married,21
1110329,54,No,Neurology,5,Male,86,1,Married,24
1044146,47,No,Maternity,25,Male,84,3,Single,25
1865209,31,No,Maternity,7,Female,31,1,Married,13
1548274,23,No,Maternity,26,Male,83,4,Divorced,4
1268816,40,No,Maternity,2,Female,89,3,Divorced,15
1084927,32,No,Cardiology,1,Female,48,4,Married,14
1496230,26,No,Cardiology,1,Male,57,3,Married,8
1872979,28,No,Neurology,1,Male,43,4,Divorced,3
1123429,29,No,Maternity,19,Male,34,4,Divorced,8
1563219,22,No,Maternity,1,Male,63,3,Single,4
1252790,37,No,Maternity,13,Male,47,4,Married,10
1720230,43,No,Cardiology,16,Female,80,4,Married,22
1028734,39,No,Maternity,2,Female,64,3,Single,20
1365509,33,No,Cardiology,1,Female,42,1,Married,10
1825987,34,No,Maternity,2,Female,86,1,Single,6
1269351,39,No,Neurology,8,Female,48,3,Married,8
1495147,31,No,Cardiology,2,Male,54,3,Married,3
1209865,48,No,Cardiology,2,Female,37,4,Married,14
1138945,53,No,Neurology,23,Female,72,4,Single,33
1310619,28,No,Cardiology,4,Male,43,3,Married,5
1225300,45,No,Maternity,2,Male,65,4,Married,22
1885928,29,No,Maternity,8,Male,79,4,Married,10
1213922,34,No,Cardiology,28,Female,95,3,Married,8
1211512,27,No,Neurology,5,Male,42,4,Divorced,9
1159699,30,No,Maternity,5,Female,84,1,Divorced,8
1677368,34,No,Maternity,19,Female,35,4,Married,10
1030882,31,No,Maternity,26,Male,31,3,Divorced,5
1597825,27,No,Cardiology,8,Male,84,4,Married,5
1822734,38,No,Cardiology,16,Female,90,2,Single,8
1237678,27,No,Cardiology,3,Female,71,4,Divorced,6
1178700,55,No,Maternity,2,Male,40,1,Single,31
1854050,52,No,Maternity,3,Male,39,3,Married,28
1833939,35,No,Maternity,16,Female,91,2,Single,11
1822695,53,No,Neurology,6,Male,86,4,Single,19
1252779,43,No,Neurology,10,Female,82,3,Divorced,9
1831971,27,No,Cardiology,2,Male,85,1,Divorced,5
1473219,38,No,Neurology,2,Female,75,2,Married,9
1178469,36,No,Cardiology,7,Female,83,1,Married,17
1075883,46,No,Cardiology,10,Female,94,4,Married,15
1853111,51,No,Neurology,6,Male,51,3,Single,23
1455592,27,No,Cardiology,9,Male,44,4,Single,7
1440762,30,No,Neurology,6,Female,48,4,Married,10
1581448,28,No,Cardiology,5,Male,98,4,Single,4
1085909,36,No,Neurology,23,Male,41,4,Married,17
1213892,31,No,Cardiology,20,Female,45,3,Married,9
1461811,37,No,Cardiology,16,Male,66,3,Divorced,9
1501908,35,No,Maternity,16,Male,72,3,Married,10
1065186,49,No,Maternity,4,Male,85,3,Married,23
1382014,49,No,Neurology,25,Female,84,1,Married,10
1850673,42,No,Neurology,9,Female,74,4,Single,12
1239516,31,No,Maternity,11,Male,80,1,Married,6
1290256,30,No,Neurology,2,Male,35,4,Single,6
1239491,35,No,Cardiology,1,Male,85,3,Married,15
1822238,28,No,Maternity,10,Female,59,3,Single,10
1220579,39,No,Maternity,23,Male,93,1,Single,6
1143606,48,No,Cardiology,2,Male,56,2,Married,12
1200749,34,No,Neurology,1,Female,86,2,Married,7
1633070,55,No,Maternity,2,Female,58,3,Married,23
1066528,38,No,Neurology,2,Male,100,2,Divorced,13
1157111,37,No,Cardiology,10,Female,88,4,Divorced,8
1792052,29,No,Maternity,15,Male,60,4,Single,6
1676128,35,No,Neurology,3,Male,41,3,Married,1
1148181,33,No,Cardiology,25,Female,82,3,Married,10
1844032,36,No,Cardiology,2,Female,51,4,Single,17
1146009,23,No,Maternity,10,Male,45,3,Married,4
1090887,32,No,Neurology,2,Male,79,4,Single,8
1709085,36,No,Cardiology,1,Female,73,3,Single,15
1767733,42,No,Maternity,2,Male,40,4,Married,24
1790839,55,No,Maternity,18,Male,62,2,Married,17
1629597,35,No,Maternity,6,Male,66,3,Married,4
1209768,40,No,Neurology,11,Female,73,3,Married,10
1037474,28,No,Maternity,24,Male,72,1,Single,10
1110876,37,No,Maternity,10,Male,61,3,Divorced,17
1302685,40,No,Neurology,6,Male,38,4,Single,21
1638565,28,No,Maternity,21,Male,42,4,Married,5
1075989,28,No,Neurology,1,Female,55,4,Married,10
1440066,29,No,Neurology,9,Female,43,3,Married,9
1432464,36,No,Neurology,18,Male,81,4,Married,4
1051013,35,No,Maternity,6,Male,82,4,Single,17
1800484,42,No,Neurology,5,Male,97,3,Married,8
1553672,47,No,Maternity,29,Male,88,2,Married,10
1619511,31,No,Maternity,11,Male,48,4,Married,8
1575266,46,No,Neurology,1,Female,44,1,Single,10
1087770,45,No,Cardiology,9,Male,74,1,Divorced,18
1456073,38,No,Maternity,29,Male,70,1,Married,17
1637476,34,No,Neurology,9,Female,52,3,Married,2
1475807,46,No,Cardiology,1,Female,92,1,Divorced,24
1085062,35,No,Maternity,23,Male,50,3,Married,8
1640372,32,No,Maternity,10,Male,56,3,Married,10
1309511,36,No,Neurology,6,Male,80,1,Married,9
1220459,49,No,Neurology,10,Female,35,1,Single,22
1048015,36,No,Neurology,7,Male,77,2,Single,15
1659102,43,No,Maternity,28,Female,72,3,Single,18
1857447,27,No,Neurology,8,Male,87,3,Married,3
1586182,52,No,Cardiology,29,Male,40,4,Divorced,16
1585668,58,No,Maternity,7,Female,53,1,Married,31
1522053,53,No,Cardiology,7,Female,78,4,Married,35
1685220,36,No,Cardiology,13,Male,96,1,Divorced,16
1249536,25,No,Cardiology,4,Male,87,1,Married,5
1104176,29,No,Maternity,23,Male,54,4,Single,6
1602545,27,No,Neurology,2,Female,33,1,Divorced,1
1433107,28,No,Maternity,1,Male,72,3,Divorced,1
1232119,27,No,Maternity,9,Male,57,2,Divorced,6
1876599,29,No,Cardiology,10,Female,39,2,Divorced,7
1389456,24,No,Neurology,10,Male,59,4,Married,3
1197555,38,No,Maternity,3,Female,32,3,Single,19
1285943,50,No,Neurology,28,Male,74,3,Married,20
1108108,29,No,Neurology,20,Male,40,4,Married,11
1215433,25,No,Cardiology,13,Male,40,3,Married,7
1565509,32,No,Neurology,29,Female,69,3,Single,10
1845170,24,No,Cardiology,24,Male,38,4,Married,3
1188199,33,No,Cardiology,16,Female,69,1,Single,6
1548215,37,No,Maternity,21,Male,65,1,Married,8
1698428,27,No,Maternity,7,Female,55,1,Single,9
1389834,44,No,Cardiology,1,Female,79,3,Married,11
1533883,38,No,Cardiology,2,Female,77,4,Married,20
1746047,36,No,Maternity,9,Male,79,3,Married,2
1431094,26,No,Maternity,4,Male,53,4,Single,8
1173245,31,No,Cardiology,5,Female,84,2,Divorced,2
1309082,29,No,Neurology,6,Male,87,2,Married,1
1545418,35,No,Neurology,22,Male,46,3,Single,6
1655170,47,No,Cardiology,3,Female,49,3,Divorced,28
1293281,20,No,Cardiology,2,Female,49,3,Single,2
1031059,42,No,Maternity,17,Female,82,1,Single,10
1505419,50,No,Cardiology,28,Male,39,1,Divorced,20
1222421,32,No,Cardiology,19,Male,80,3,Married,10
1620322,26,No,Neurology,21,Male,37,3,Divorced,1
1474227,25,No,Cardiology,9,Male,68,1,Married,6
1101293,44,No,Neurology,24,Male,49,3,Single,9
1327800,34,No,Cardiology,14,Female,31,3,Divorced,8
1162185,28,Yes,Maternity,6,Male,39,3,Divorced,3
1168729,19,Yes,Neurology,2,Male,47,4,Single,1
1544044,31,Yes,Cardiology,26,Male,63,4,Married,10
1114030,37,Yes,Cardiology,19,Male,32,2,Single,10
1751929,22,Yes,Maternity,3,Male,48,4,Married,1
1267282,31,Yes,Maternity,8,Female,34,2,Single,1
1855095,27,Yes,Neurology,5,Female,53,4,Single,6
1837772,26,Yes,Cardiology,23,Female,47,4,Married,5
1704323,29,Yes,Cardiology,1,Female,48,3,Divorced,5
1622091,26,Yes,Cardiology,29,Male,79,1,Single,7
1734708,31,Yes,Cardiology,1,Female,54,2,Single,3
1747750,29,Yes,Maternity,15,Female,69,4,Married,6
1341748,26,Yes,Neurology,17,Female,58,3,Divorced,8
1415325,23,Yes,Neurology,6,Male,63,1,Married,1
1663404,34,Yes,Cardiology,24,Female,40,2,Single,16
1549806,21,Yes,Neurology,10,Female,45,3,Single,2
1874133,31,Yes,Neurology,2,Female,59,4,Divorced,1
1175959,28,Yes,Neurology,24,Male,51,2,Married,1
1655666,20,Yes,Neurology,6,Female,66,4,Single,1
1602218,33,Yes,Maternity,25,Male,55,2,Single,5
1336016,28,Yes,Maternity,1,Female,67,2,Single,10
1117656,26,Yes,Neurology,24,Male,66,4,Single,1
1152327,46,No,Cardiology,10,Female,94,4,Married,15
1812428,20,No,Maternity,1,Female,83,2,Single,1
1812429,39,No,Neurology,1,Female,65,4,Married,21
1152329,27,No,Cardiology,2,Female,89,3,Single,9
